{
  "id": "25a915b1-c9e2-46ca-a6ce-86bad434bf89",
  "alias": "EmployeespotlightWebPart",
  "componentType": "WebPart",
  "version": "0.0.1",
  "manifestVersion": 2,
  "requiresCustomScript": false,
  "supportedHosts": [
    "SharePointWebPart",
    "TeamsPersonalApp",
    "TeamsTab",
    "SharePointFullPage"
  ],
  "supportsThemeVariants": true,
  "preconfiguredEntries": [
    {
      "groupId": "5c03119e-3074-46fd-976b-c60198311f70",
      "group": {
        "default": "Other"
      },
      "title": {
        "default": "employeespotlight"
      },
      "description": {
        "default": "employeespotlight description"
      },
      "officeFabricIconFontName": "Page",
      "properties": {
        "description": "employeespotlight"
      }
    }
  ],
  "loaderConfig": {
    "internalModuleBaseUrls": [
      "<!-- PATH TO CDN -->"
    ],
    "entryModuleId": "employeespotlight-web-part",
    "scriptResources": {
      "employeespotlight-web-part": {
        "type": "path",
        "path": "employeespotlight-web-part_260f9d92d126f6188064.js"
      },
      "@microsoft/sp-property-pane": {
        "type": "component",
        "id": "f9e737b7-f0df-4597-ba8c-3060f82380db",
        "version": "1.15.0"
      },
      "@microsoft/sp-lodash-subset": {
        "type": "component",
        "id": "73e1dc6c-8441-42cc-ad47-4bd3659f8a3a",
        "version": "1.15.0"
      },
      "@microsoft/sp-core-library": {
        "type": "component",
        "id": "7263c7d0-1d6a-45ec-8d85-d4d1d234171b",
        "version": "1.15.0"
      },
      "EmployeespotlightWebPartStrings": {
        "type": "path",
        "path": "EmployeespotlightWebPartStrings_en-us_ab0373b2a20479e31e6fa297c55f351c.js"
      },
      "@microsoft/sp-webpart-base": {
        "type": "component",
        "id": "974a7777-0990-4136-8fa6-95d80114c2e0",
        "version": "1.15.0"
      },
      "react": {
        "type": "component",
        "id": "0d910c1c-13b9-4e1c-9aa4-b008c5e42d7d",
        "version": "16.13.1"
      },
      "react-dom": {
        "type": "component",
        "id": "aa0a46ec-1505-43cd-a44a-93f3a5aa460a",
        "version": "16.13.1"
      },
      "@microsoft/sp-http": {
        "type": "component",
        "id": "c07208f0-ea3b-4c1a-9965-ac1b825211a6",
        "version": "1.15.0"
      },
      "jquery": {
        "type": "path",
        "path": "jquery_8fb8fee4fcc3cc86ff6c724154c49c42.js",
        "globalName": "jquery"
      },
      "PropertyControlStrings": {
        "type": "localizedPath",
        "paths": {
          "bg-BG": "PropertyControlStrings_bg-bg_915392adfc006178b111ef43c4c4f134.js",
          "ca-ES": "PropertyControlStrings_ca-es_c189866c46fa54db663671ef3ffc58dd.js",
          "da-DK": "PropertyControlStrings_da-dk_7aaa7cb9645d973bf154922d2da79bdc.js",
          "de-DE": "PropertyControlStrings_de-de_91244fded178aa2c33e59da30f3b6b9e.js",
          "el-GR": "PropertyControlStrings_el-gr_5fdb3d4823b1603ddda46e61518971e2.js",
          "en-GB": "PropertyControlStrings_en-gb_edd9314c9df7e88545657a033f4e14ae.js",
          "en-US": "PropertyControlStrings_en-us_642e92ef9954452370aba3137db21132.js",
          "es-ES": "PropertyControlStrings_es-es_689c8b69f0a1361216f73608be6c063b.js",
          "et-EE": "PropertyControlStrings_et-ee_01480cf74e5683e0a1b30c0969b469f9.js",
          "fi-FI": "PropertyControlStrings_fi-fi_77eed38ef227577c1e777c90d4ab654c.js",
          "fr-FR": "PropertyControlStrings_fr-fr_92db6779d4f95976c1f53f47fe1038cc.js",
          "it-IT": "PropertyControlStrings_it-it_ec89b45255c58b8a32b116fc9ccfd1ac.js",
          "ja-JP": "PropertyControlStrings_ja-jp_44544714256a75a221ff67e661917f7e.js",
          "lt-LT": "PropertyControlStrings_lt-lt_8affd603f16b9120508d9494d908bf5b.js",
          "lv-LV": "PropertyControlStrings_lv-lv_574ac773471a704a07ba0adc8b8ee94a.js",
          "nb-NO": "PropertyControlStrings_nb-no_7679bdf20ca162ea3bb05d8b8e280057.js",
          "nl-NL": "PropertyControlStrings_nl-nl_7a387682af8c11d2f375756cdbbefeb5.js",
          "no": "PropertyControlStrings_no_a887d9d78383ae2b4bb5bb3ddc10c854.js",
          "pl-PL": "PropertyControlStrings_pl-pl_10f17d41e78fea38f61da347c7630de6.js",
          "pt-PT": "PropertyControlStrings_pt-pt_9c64098d8bf448198f22382f646fd38b.js",
          "ro-RO": "PropertyControlStrings_ro-ro_b28611241b43c19c7d84b34844e1817b.js",
          "ru-RU": "PropertyControlStrings_ru-ru_9f791d6cfde2af1db8815ef42ed8df3e.js",
          "sk-SK": "PropertyControlStrings_sk-sk_11891e4bf57974962b4d6668a933e3c9.js",
          "sr-Latn-RS": "PropertyControlStrings_sr-latn-rs_989dded8b40333ffc8ce6a73ee204c63.js",
          "sv-SE": "PropertyControlStrings_sv-se_b216333496befe0fb66a6152ec1d3f95.js",
          "tr-TR": "PropertyControlStrings_tr-tr_23555c2affff45982d4bc82da9c99f82.js",
          "vi-VN": "PropertyControlStrings_vi-vn_0a42f174e7b546104c186b139e526bc4.js",
          "zh-CN": "PropertyControlStrings_zh-cn_f52e3a43a2b9311567286b34565fc9aa.js",
          "zh-TW": "PropertyControlStrings_zh-tw_3d1a41b32d4ad47d4654442a315ff2e2.js"
        },
        "defaultPath": "PropertyControlStrings_en-us_642e92ef9954452370aba3137db21132.js"
      }
    }
  }
}