[{"id":"f97266fb-ccb7-430e-9384-4124d05295d3","alias":"Decorators","componentType":"Library","version":"1.13.1","manifestVersion":2,"loaderConfig":{"internalModuleBaseUrls":["https://localhost:4321/node_modules/@microsoft/decorators/dist/","https://localhost:4321/dist/"],"entryModuleId":"decorators","scriptResources":{"decorators":{"type":"path","path":"decorators_none_f3987a6a418fb5f350a0.js"}}}},{"id":"73e1dc6c-8441-42cc-ad47-4bd3659f8a3a","alias":"SPLodashSubset","componentType":"Library","version":"1.13.1","manifestVersion":2,"loaderConfig":{"internalModuleBaseUrls":["https://localhost:4321/node_modules/@microsoft/sp-lodash-subset/dist/"],"entryModuleId":"sp-lodash-subset","scriptResources":{"sp-lodash-subset":{"type":"path","path":"sp-lodash-subset_99fd9f0c8cc7cfb3f65e.js"}}}},{"id":"7263c7d0-1d6a-45ec-8d85-d4d1d234171b","alias":"SPCoreLibrary","componentType":"Library","version":"1.13.1","manifestVersion":2,"loaderConfig":{"internalModuleBaseUrls":["https://localhost:4321/node_modules/@microsoft/sp-core-library/dist/","https://localhost:4321/dist/"],"entryModuleId":"sp-core-library","scriptResources":{"sp-core-library":{"type":"localizedPath","paths":{"default":"sp-core-library_default_2b80e22238ca589d7953.js","en-US":"sp-core-library_en-us_2b80e22238ca589d7953.js","qps-ploca":"sp-core-library_qps-ploca_2b80e22238ca589d7953.js","qps-ploc":"sp-core-library_qps-ploc_2b80e22238ca589d7953.js","en-GB":"sp-core-library_en-us_2b80e22238ca589d7953.js","en-NZ":"sp-core-library_en-us_2b80e22238ca589d7953.js","en-IE":"sp-core-library_en-us_2b80e22238ca589d7953.js","en-AU":"sp-core-library_en-us_2b80e22238ca589d7953.js","bn":"sp-core-library_en-us_2b80e22238ca589d7953.js","chr":"sp-core-library_en-us_2b80e22238ca589d7953.js","dv":"sp-core-library_en-us_2b80e22238ca589d7953.js","div":"sp-core-library_en-us_2b80e22238ca589d7953.js","en":"sp-core-library_en-us_2b80e22238ca589d7953.js","fil":"sp-core-library_en-us_2b80e22238ca589d7953.js","haw":"sp-core-library_en-us_2b80e22238ca589d7953.js","iu":"sp-core-library_en-us_2b80e22238ca589d7953.js","lo":"sp-core-library_en-us_2b80e22238ca589d7953.js","moh":"sp-core-library_en-us_2b80e22238ca589d7953.js","sq":"sp-core-library_en-us_2b80e22238ca589d7953.js","am":"sp-core-library_en-us_2b80e22238ca589d7953.js","hy":"sp-core-library_en-us_2b80e22238ca589d7953.js","mk":"sp-core-library_en-us_2b80e22238ca589d7953.js","bs":"sp-core-library_en-us_2b80e22238ca589d7953.js","my":"sp-core-library_en-us_2b80e22238ca589d7953.js","dz":"sp-core-library_en-us_2b80e22238ca589d7953.js","en-CY":"sp-core-library_en-us_2b80e22238ca589d7953.js","en-EG":"sp-core-library_en-us_2b80e22238ca589d7953.js","en-IL":"sp-core-library_en-us_2b80e22238ca589d7953.js","en-IS":"sp-core-library_en-us_2b80e22238ca589d7953.js","en-JO":"sp-core-library_en-us_2b80e22238ca589d7953.js","en-KE":"sp-core-library_en-us_2b80e22238ca589d7953.js","en-KW":"sp-core-library_en-us_2b80e22238ca589d7953.js","en-MK":"sp-core-library_en-us_2b80e22238ca589d7953.js","en-MT":"sp-core-library_en-us_2b80e22238ca589d7953.js","en-PK":"sp-core-library_en-us_2b80e22238ca589d7953.js","en-QA":"sp-core-library_en-us_2b80e22238ca589d7953.js","en-SA":"sp-core-library_en-us_2b80e22238ca589d7953.js","en-LK":"sp-core-library_en-us_2b80e22238ca589d7953.js","en-AE":"sp-core-library_en-us_2b80e22238ca589d7953.js","en-VN":"sp-core-library_en-us_2b80e22238ca589d7953.js","is":"sp-core-library_en-us_2b80e22238ca589d7953.js","km":"sp-core-library_en-us_2b80e22238ca589d7953.js","kh":"sp-core-library_en-us_2b80e22238ca589d7953.js","mt":"sp-core-library_en-us_2b80e22238ca589d7953.js","fa":"sp-core-library_en-us_2b80e22238ca589d7953.js","gd":"sp-core-library_en-us_2b80e22238ca589d7953.js","sr-Cyrl-BA":"sp-core-library_en-us_2b80e22238ca589d7953.js","sr-Latn-BA":"sp-core-library_en-us_2b80e22238ca589d7953.js","sd":"sp-core-library_en-us_2b80e22238ca589d7953.js","si":"sp-core-library_en-us_2b80e22238ca589d7953.js","so":"sp-core-library_en-us_2b80e22238ca589d7953.js","ti-ET":"sp-core-library_en-us_2b80e22238ca589d7953.js","uz":"sp-core-library_en-us_2b80e22238ca589d7953.js","en-SG":"sp-core-library_en-us_2b80e22238ca589d7953.js","en-HK":"sp-core-library_en-us_2b80e22238ca589d7953.js","en-MY":"sp-core-library_en-us_2b80e22238ca589d7953.js","en-PH":"sp-core-library_en-us_2b80e22238ca589d7953.js","en-TT":"sp-core-library_en-us_2b80e22238ca589d7953.js","en-AZ":"sp-core-library_en-us_2b80e22238ca589d7953.js","en-BH":"sp-core-library_en-us_2b80e22238ca589d7953.js","en-BN":"sp-core-library_en-us_2b80e22238ca589d7953.js","en-ID":"sp-core-library_en-us_2b80e22238ca589d7953.js","mi":"sp-core-library_en-us_2b80e22238ca589d7953.js"},"defaultPath":"sp-core-library_default_2b80e22238ca589d7953.js"},"tslib":{"type":"component","id":"01c4df03-e775-48cb-aa14-171ee5199a15","version":"1.10.0"},"@ms/odsp-core-bundle":{"type":"component","id":"2e09fb9b-13bb-48f2-859f-97d6fff71176","version":"1.1.192"},"@microsoft/sp-lodash-subset":{"type":"component","id":"73e1dc6c-8441-42cc-ad47-4bd3659f8a3a","version":"1.13.1"}}}},{"id":"02a01e42-69ab-403d-8a16-acd128661f8e","alias":"OfficeUIFabricReact","componentType":"Library","version":"1.13.1","manifestVersion":2,"loaderConfig":{"internalModuleBaseUrls":["https://localhost:4321/node_modules/@microsoft/office-ui-fabric-react-bundle/dist/","https://localhost:4321/dist/"],"entryModuleId":"office-ui-fabric-react-bundle","scriptResources":{"office-ui-fabric-react-bundle":{"type":"path","path":"office-ui-fabric-react-bundle_none_5fd2b01b79ffcb7ab08e.js"},"tslib":{"type":"component","id":"01c4df03-e775-48cb-aa14-171ee5199a15","version":"1.10.0"},"react":{"type":"component","id":"0d910c1c-13b9-4e1c-9aa4-b008c5e42d7d","version":"16.13.1"},"react-dom":{"type":"component","id":"aa0a46ec-1505-43cd-a44a-93f3a5aa460a","version":"16.13.1"},"@ms/uifabric-styling-bundle":{"type":"component","id":"17ce0976-e69a-4355-be84-89b69a74717d","version":"0.1.2"}}}},{"manifestVersion":2,"id":"78359e4b-07c2-43c6-8d0b-d060b4d577e8","alias":"SPDiagnostics","componentType":"Library","version":"1.13.1","loaderConfig":{"internalModuleBaseUrls":["https://localhost:4321/node_modules/@microsoft/sp-diagnostics/dist/","https://localhost:4321/dist/"],"entryModuleId":"sp-diagnostics","scriptResources":{"sp-diagnostics":{"type":"path","path":"sp-diagnostics_none_dfc6091fe88daa98827f.js"},"tslib":{"type":"component","id":"01c4df03-e775-48cb-aa14-171ee5199a15","version":"1.10.0"},"@microsoft/sp-lodash-subset":{"type":"component","id":"73e1dc6c-8441-42cc-ad47-4bd3659f8a3a","version":"1.13.1"},"@microsoft/sp-core-library":{"type":"component","id":"7263c7d0-1d6a-45ec-8d85-d4d1d234171b","version":"1.13.1"}}}},{"manifestVersion":2,"id":"e40f8203-b39d-425a-a957-714852e33b79","alias":"SPDynamicData","componentType":"Library","version":"1.13.1","loaderConfig":{"internalModuleBaseUrls":["https://localhost:4321/node_modules/@microsoft/sp-dynamic-data/dist/","https://localhost:4321/dist/"],"entryModuleId":"sp-dynamic-data","scriptResources":{"sp-dynamic-data":{"type":"localizedPath","paths":{"default":"sp-dynamic-data_default_88c90f0400b828932010.js","en-US":"sp-dynamic-data_en-us_88c90f0400b828932010.js","qps-ploca":"sp-dynamic-data_qps-ploca_88c90f0400b828932010.js","qps-ploc":"sp-dynamic-data_qps-ploc_88c90f0400b828932010.js","en-GB":"sp-dynamic-data_en-us_88c90f0400b828932010.js","en-NZ":"sp-dynamic-data_en-us_88c90f0400b828932010.js","en-IE":"sp-dynamic-data_en-us_88c90f0400b828932010.js","en-AU":"sp-dynamic-data_en-us_88c90f0400b828932010.js","bn":"sp-dynamic-data_en-us_88c90f0400b828932010.js","chr":"sp-dynamic-data_en-us_88c90f0400b828932010.js","dv":"sp-dynamic-data_en-us_88c90f0400b828932010.js","div":"sp-dynamic-data_en-us_88c90f0400b828932010.js","en":"sp-dynamic-data_en-us_88c90f0400b828932010.js","fil":"sp-dynamic-data_en-us_88c90f0400b828932010.js","haw":"sp-dynamic-data_en-us_88c90f0400b828932010.js","iu":"sp-dynamic-data_en-us_88c90f0400b828932010.js","lo":"sp-dynamic-data_en-us_88c90f0400b828932010.js","moh":"sp-dynamic-data_en-us_88c90f0400b828932010.js","sq":"sp-dynamic-data_en-us_88c90f0400b828932010.js","am":"sp-dynamic-data_en-us_88c90f0400b828932010.js","hy":"sp-dynamic-data_en-us_88c90f0400b828932010.js","mk":"sp-dynamic-data_en-us_88c90f0400b828932010.js","bs":"sp-dynamic-data_en-us_88c90f0400b828932010.js","my":"sp-dynamic-data_en-us_88c90f0400b828932010.js","dz":"sp-dynamic-data_en-us_88c90f0400b828932010.js","en-CY":"sp-dynamic-data_en-us_88c90f0400b828932010.js","en-EG":"sp-dynamic-data_en-us_88c90f0400b828932010.js","en-IL":"sp-dynamic-data_en-us_88c90f0400b828932010.js","en-IS":"sp-dynamic-data_en-us_88c90f0400b828932010.js","en-JO":"sp-dynamic-data_en-us_88c90f0400b828932010.js","en-KE":"sp-dynamic-data_en-us_88c90f0400b828932010.js","en-KW":"sp-dynamic-data_en-us_88c90f0400b828932010.js","en-MK":"sp-dynamic-data_en-us_88c90f0400b828932010.js","en-MT":"sp-dynamic-data_en-us_88c90f0400b828932010.js","en-PK":"sp-dynamic-data_en-us_88c90f0400b828932010.js","en-QA":"sp-dynamic-data_en-us_88c90f0400b828932010.js","en-SA":"sp-dynamic-data_en-us_88c90f0400b828932010.js","en-LK":"sp-dynamic-data_en-us_88c90f0400b828932010.js","en-AE":"sp-dynamic-data_en-us_88c90f0400b828932010.js","en-VN":"sp-dynamic-data_en-us_88c90f0400b828932010.js","is":"sp-dynamic-data_en-us_88c90f0400b828932010.js","km":"sp-dynamic-data_en-us_88c90f0400b828932010.js","kh":"sp-dynamic-data_en-us_88c90f0400b828932010.js","mt":"sp-dynamic-data_en-us_88c90f0400b828932010.js","fa":"sp-dynamic-data_en-us_88c90f0400b828932010.js","gd":"sp-dynamic-data_en-us_88c90f0400b828932010.js","sr-Cyrl-BA":"sp-dynamic-data_en-us_88c90f0400b828932010.js","sr-Latn-BA":"sp-dynamic-data_en-us_88c90f0400b828932010.js","sd":"sp-dynamic-data_en-us_88c90f0400b828932010.js","si":"sp-dynamic-data_en-us_88c90f0400b828932010.js","so":"sp-dynamic-data_en-us_88c90f0400b828932010.js","ti-ET":"sp-dynamic-data_en-us_88c90f0400b828932010.js","uz":"sp-dynamic-data_en-us_88c90f0400b828932010.js","en-SG":"sp-dynamic-data_en-us_88c90f0400b828932010.js","en-HK":"sp-dynamic-data_en-us_88c90f0400b828932010.js","en-MY":"sp-dynamic-data_en-us_88c90f0400b828932010.js","en-PH":"sp-dynamic-data_en-us_88c90f0400b828932010.js","en-TT":"sp-dynamic-data_en-us_88c90f0400b828932010.js","en-AZ":"sp-dynamic-data_en-us_88c90f0400b828932010.js","en-BH":"sp-dynamic-data_en-us_88c90f0400b828932010.js","en-BN":"sp-dynamic-data_en-us_88c90f0400b828932010.js","en-ID":"sp-dynamic-data_en-us_88c90f0400b828932010.js","mi":"sp-dynamic-data_en-us_88c90f0400b828932010.js"},"defaultPath":"sp-dynamic-data_default_88c90f0400b828932010.js"},"@microsoft/sp-lodash-subset":{"type":"component","id":"73e1dc6c-8441-42cc-ad47-4bd3659f8a3a","version":"1.13.1"},"@microsoft/sp-core-library":{"type":"component","id":"7263c7d0-1d6a-45ec-8d85-d4d1d234171b","version":"1.13.1"},"@microsoft/sp-diagnostics":{"type":"component","id":"78359e4b-07c2-43c6-8d0b-d060b4d577e8","version":"1.13.1"}}}},{"id":"c07208f0-ea3b-4c1a-9965-ac1b825211a6","alias":"SPHttp","componentType":"Library","version":"1.13.1","manifestVersion":2,"preloadComponents":[],"loaderConfig":{"internalModuleBaseUrls":["https://localhost:4321/node_modules/@microsoft/sp-http/dist/","https://localhost:4321/dist/"],"entryModuleId":"sp-http","scriptResources":{"sp-http":{"type":"localizedPath","paths":{"default":"sp-http_default_fe8d5b2ae741931a6e62.js","en-US":"sp-http_en-us_fe8d5b2ae741931a6e62.js","qps-ploca":"sp-http_qps-ploca_fe8d5b2ae741931a6e62.js","qps-ploc":"sp-http_qps-ploc_fe8d5b2ae741931a6e62.js","en-GB":"sp-http_en-us_fe8d5b2ae741931a6e62.js","en-NZ":"sp-http_en-us_fe8d5b2ae741931a6e62.js","en-IE":"sp-http_en-us_fe8d5b2ae741931a6e62.js","en-AU":"sp-http_en-us_fe8d5b2ae741931a6e62.js","bn":"sp-http_en-us_fe8d5b2ae741931a6e62.js","chr":"sp-http_en-us_fe8d5b2ae741931a6e62.js","dv":"sp-http_en-us_fe8d5b2ae741931a6e62.js","div":"sp-http_en-us_fe8d5b2ae741931a6e62.js","en":"sp-http_en-us_fe8d5b2ae741931a6e62.js","fil":"sp-http_en-us_fe8d5b2ae741931a6e62.js","haw":"sp-http_en-us_fe8d5b2ae741931a6e62.js","iu":"sp-http_en-us_fe8d5b2ae741931a6e62.js","lo":"sp-http_en-us_fe8d5b2ae741931a6e62.js","moh":"sp-http_en-us_fe8d5b2ae741931a6e62.js","sq":"sp-http_en-us_fe8d5b2ae741931a6e62.js","am":"sp-http_en-us_fe8d5b2ae741931a6e62.js","hy":"sp-http_en-us_fe8d5b2ae741931a6e62.js","mk":"sp-http_en-us_fe8d5b2ae741931a6e62.js","bs":"sp-http_en-us_fe8d5b2ae741931a6e62.js","my":"sp-http_en-us_fe8d5b2ae741931a6e62.js","dz":"sp-http_en-us_fe8d5b2ae741931a6e62.js","en-CY":"sp-http_en-us_fe8d5b2ae741931a6e62.js","en-EG":"sp-http_en-us_fe8d5b2ae741931a6e62.js","en-IL":"sp-http_en-us_fe8d5b2ae741931a6e62.js","en-IS":"sp-http_en-us_fe8d5b2ae741931a6e62.js","en-JO":"sp-http_en-us_fe8d5b2ae741931a6e62.js","en-KE":"sp-http_en-us_fe8d5b2ae741931a6e62.js","en-KW":"sp-http_en-us_fe8d5b2ae741931a6e62.js","en-MK":"sp-http_en-us_fe8d5b2ae741931a6e62.js","en-MT":"sp-http_en-us_fe8d5b2ae741931a6e62.js","en-PK":"sp-http_en-us_fe8d5b2ae741931a6e62.js","en-QA":"sp-http_en-us_fe8d5b2ae741931a6e62.js","en-SA":"sp-http_en-us_fe8d5b2ae741931a6e62.js","en-LK":"sp-http_en-us_fe8d5b2ae741931a6e62.js","en-AE":"sp-http_en-us_fe8d5b2ae741931a6e62.js","en-VN":"sp-http_en-us_fe8d5b2ae741931a6e62.js","is":"sp-http_en-us_fe8d5b2ae741931a6e62.js","km":"sp-http_en-us_fe8d5b2ae741931a6e62.js","kh":"sp-http_en-us_fe8d5b2ae741931a6e62.js","mt":"sp-http_en-us_fe8d5b2ae741931a6e62.js","fa":"sp-http_en-us_fe8d5b2ae741931a6e62.js","gd":"sp-http_en-us_fe8d5b2ae741931a6e62.js","sr-Cyrl-BA":"sp-http_en-us_fe8d5b2ae741931a6e62.js","sr-Latn-BA":"sp-http_en-us_fe8d5b2ae741931a6e62.js","sd":"sp-http_en-us_fe8d5b2ae741931a6e62.js","si":"sp-http_en-us_fe8d5b2ae741931a6e62.js","so":"sp-http_en-us_fe8d5b2ae741931a6e62.js","ti-ET":"sp-http_en-us_fe8d5b2ae741931a6e62.js","uz":"sp-http_en-us_fe8d5b2ae741931a6e62.js","en-SG":"sp-http_en-us_fe8d5b2ae741931a6e62.js","en-HK":"sp-http_en-us_fe8d5b2ae741931a6e62.js","en-MY":"sp-http_en-us_fe8d5b2ae741931a6e62.js","en-PH":"sp-http_en-us_fe8d5b2ae741931a6e62.js","en-TT":"sp-http_en-us_fe8d5b2ae741931a6e62.js","en-AZ":"sp-http_en-us_fe8d5b2ae741931a6e62.js","en-BH":"sp-http_en-us_fe8d5b2ae741931a6e62.js","en-BN":"sp-http_en-us_fe8d5b2ae741931a6e62.js","en-ID":"sp-http_en-us_fe8d5b2ae741931a6e62.js","mi":"sp-http_en-us_fe8d5b2ae741931a6e62.js"},"defaultPath":"sp-http_default_fe8d5b2ae741931a6e62.js"},"tslib":{"type":"component","id":"01c4df03-e775-48cb-aa14-171ee5199a15","version":"1.10.0"},"@ms/sp-telemetry":{"type":"component","id":"8217e442-8ed3-41fd-957d-b112e841286a","version":"0.19.42"},"@microsoft/sp-core-library":{"type":"component","id":"7263c7d0-1d6a-45ec-8d85-d4d1d234171b","version":"1.13.1"},"@microsoft/sp-diagnostics":{"type":"component","id":"78359e4b-07c2-43c6-8d0b-d060b4d577e8","version":"1.13.1"}}}},{"id":"1c4541f7-5c31-41aa-9fa8-fbc9dc14c0a8","alias":"SPPageContext","componentType":"Library","version":"1.13.1","manifestVersion":2,"loaderConfig":{"internalModuleBaseUrls":["https://localhost:4321/node_modules/@microsoft/sp-page-context/dist/","https://localhost:4321/dist/"],"entryModuleId":"sp-page-context","scriptResources":{"sp-page-context":{"type":"localizedPath","paths":{"default":"sp-page-context_default_f527b0e9884ba70c2fc8.js","en-US":"sp-page-context_en-us_f527b0e9884ba70c2fc8.js","qps-ploca":"sp-page-context_qps-ploca_f527b0e9884ba70c2fc8.js","qps-ploc":"sp-page-context_qps-ploc_f527b0e9884ba70c2fc8.js","en-GB":"sp-page-context_en-us_f527b0e9884ba70c2fc8.js","en-NZ":"sp-page-context_en-us_f527b0e9884ba70c2fc8.js","en-IE":"sp-page-context_en-us_f527b0e9884ba70c2fc8.js","en-AU":"sp-page-context_en-us_f527b0e9884ba70c2fc8.js","bn":"sp-page-context_en-us_f527b0e9884ba70c2fc8.js","chr":"sp-page-context_en-us_f527b0e9884ba70c2fc8.js","dv":"sp-page-context_en-us_f527b0e9884ba70c2fc8.js","div":"sp-page-context_en-us_f527b0e9884ba70c2fc8.js","en":"sp-page-context_en-us_f527b0e9884ba70c2fc8.js","fil":"sp-page-context_en-us_f527b0e9884ba70c2fc8.js","haw":"sp-page-context_en-us_f527b0e9884ba70c2fc8.js","iu":"sp-page-context_en-us_f527b0e9884ba70c2fc8.js","lo":"sp-page-context_en-us_f527b0e9884ba70c2fc8.js","moh":"sp-page-context_en-us_f527b0e9884ba70c2fc8.js","sq":"sp-page-context_en-us_f527b0e9884ba70c2fc8.js","am":"sp-page-context_en-us_f527b0e9884ba70c2fc8.js","hy":"sp-page-context_en-us_f527b0e9884ba70c2fc8.js","mk":"sp-page-context_en-us_f527b0e9884ba70c2fc8.js","bs":"sp-page-context_en-us_f527b0e9884ba70c2fc8.js","my":"sp-page-context_en-us_f527b0e9884ba70c2fc8.js","dz":"sp-page-context_en-us_f527b0e9884ba70c2fc8.js","en-CY":"sp-page-context_en-us_f527b0e9884ba70c2fc8.js","en-EG":"sp-page-context_en-us_f527b0e9884ba70c2fc8.js","en-IL":"sp-page-context_en-us_f527b0e9884ba70c2fc8.js","en-IS":"sp-page-context_en-us_f527b0e9884ba70c2fc8.js","en-JO":"sp-page-context_en-us_f527b0e9884ba70c2fc8.js","en-KE":"sp-page-context_en-us_f527b0e9884ba70c2fc8.js","en-KW":"sp-page-context_en-us_f527b0e9884ba70c2fc8.js","en-MK":"sp-page-context_en-us_f527b0e9884ba70c2fc8.js","en-MT":"sp-page-context_en-us_f527b0e9884ba70c2fc8.js","en-PK":"sp-page-context_en-us_f527b0e9884ba70c2fc8.js","en-QA":"sp-page-context_en-us_f527b0e9884ba70c2fc8.js","en-SA":"sp-page-context_en-us_f527b0e9884ba70c2fc8.js","en-LK":"sp-page-context_en-us_f527b0e9884ba70c2fc8.js","en-AE":"sp-page-context_en-us_f527b0e9884ba70c2fc8.js","en-VN":"sp-page-context_en-us_f527b0e9884ba70c2fc8.js","is":"sp-page-context_en-us_f527b0e9884ba70c2fc8.js","km":"sp-page-context_en-us_f527b0e9884ba70c2fc8.js","kh":"sp-page-context_en-us_f527b0e9884ba70c2fc8.js","mt":"sp-page-context_en-us_f527b0e9884ba70c2fc8.js","fa":"sp-page-context_en-us_f527b0e9884ba70c2fc8.js","gd":"sp-page-context_en-us_f527b0e9884ba70c2fc8.js","sr-Cyrl-BA":"sp-page-context_en-us_f527b0e9884ba70c2fc8.js","sr-Latn-BA":"sp-page-context_en-us_f527b0e9884ba70c2fc8.js","sd":"sp-page-context_en-us_f527b0e9884ba70c2fc8.js","si":"sp-page-context_en-us_f527b0e9884ba70c2fc8.js","so":"sp-page-context_en-us_f527b0e9884ba70c2fc8.js","ti-ET":"sp-page-context_en-us_f527b0e9884ba70c2fc8.js","uz":"sp-page-context_en-us_f527b0e9884ba70c2fc8.js","en-SG":"sp-page-context_en-us_f527b0e9884ba70c2fc8.js","en-HK":"sp-page-context_en-us_f527b0e9884ba70c2fc8.js","en-MY":"sp-page-context_en-us_f527b0e9884ba70c2fc8.js","en-PH":"sp-page-context_en-us_f527b0e9884ba70c2fc8.js","en-TT":"sp-page-context_en-us_f527b0e9884ba70c2fc8.js","en-AZ":"sp-page-context_en-us_f527b0e9884ba70c2fc8.js","en-BH":"sp-page-context_en-us_f527b0e9884ba70c2fc8.js","en-BN":"sp-page-context_en-us_f527b0e9884ba70c2fc8.js","en-ID":"sp-page-context_en-us_f527b0e9884ba70c2fc8.js","mi":"sp-page-context_en-us_f527b0e9884ba70c2fc8.js"},"defaultPath":"sp-page-context_default_f527b0e9884ba70c2fc8.js"},"@microsoft/sp-dynamic-data":{"type":"component","id":"e40f8203-b39d-425a-a957-714852e33b79","version":"1.13.1"},"@microsoft/sp-core-library":{"type":"component","id":"7263c7d0-1d6a-45ec-8d85-d4d1d234171b","version":"1.13.1"},"@microsoft/sp-diagnostics":{"type":"component","id":"78359e4b-07c2-43c6-8d0b-d060b4d577e8","version":"1.13.1"}}}},{"id":"467dc675-7cc5-4709-8aac-78e3b71bd2f6","alias":"SPComponentBase","componentType":"Library","version":"1.13.1","manifestVersion":2,"loaderConfig":{"internalModuleBaseUrls":["https://localhost:4321/node_modules/@microsoft/sp-component-base/dist/","https://localhost:4321/dist/"],"entryModuleId":"sp-component-base","scriptResources":{"sp-component-base":{"type":"localizedPath","paths":{"default":"sp-component-base_default_d7cb0faf8b81c2783419.js","en-US":"sp-component-base_en-us_d7cb0faf8b81c2783419.js","qps-ploca":"sp-component-base_qps-ploca_d7cb0faf8b81c2783419.js","qps-ploc":"sp-component-base_qps-ploc_d7cb0faf8b81c2783419.js","en-GB":"sp-component-base_en-us_d7cb0faf8b81c2783419.js","en-NZ":"sp-component-base_en-us_d7cb0faf8b81c2783419.js","en-IE":"sp-component-base_en-us_d7cb0faf8b81c2783419.js","en-AU":"sp-component-base_en-us_d7cb0faf8b81c2783419.js","bn":"sp-component-base_en-us_d7cb0faf8b81c2783419.js","chr":"sp-component-base_en-us_d7cb0faf8b81c2783419.js","dv":"sp-component-base_en-us_d7cb0faf8b81c2783419.js","div":"sp-component-base_en-us_d7cb0faf8b81c2783419.js","en":"sp-component-base_en-us_d7cb0faf8b81c2783419.js","fil":"sp-component-base_en-us_d7cb0faf8b81c2783419.js","haw":"sp-component-base_en-us_d7cb0faf8b81c2783419.js","iu":"sp-component-base_en-us_d7cb0faf8b81c2783419.js","lo":"sp-component-base_en-us_d7cb0faf8b81c2783419.js","moh":"sp-component-base_en-us_d7cb0faf8b81c2783419.js","sq":"sp-component-base_en-us_d7cb0faf8b81c2783419.js","am":"sp-component-base_en-us_d7cb0faf8b81c2783419.js","hy":"sp-component-base_en-us_d7cb0faf8b81c2783419.js","mk":"sp-component-base_en-us_d7cb0faf8b81c2783419.js","bs":"sp-component-base_en-us_d7cb0faf8b81c2783419.js","my":"sp-component-base_en-us_d7cb0faf8b81c2783419.js","dz":"sp-component-base_en-us_d7cb0faf8b81c2783419.js","en-CY":"sp-component-base_en-us_d7cb0faf8b81c2783419.js","en-EG":"sp-component-base_en-us_d7cb0faf8b81c2783419.js","en-IL":"sp-component-base_en-us_d7cb0faf8b81c2783419.js","en-IS":"sp-component-base_en-us_d7cb0faf8b81c2783419.js","en-JO":"sp-component-base_en-us_d7cb0faf8b81c2783419.js","en-KE":"sp-component-base_en-us_d7cb0faf8b81c2783419.js","en-KW":"sp-component-base_en-us_d7cb0faf8b81c2783419.js","en-MK":"sp-component-base_en-us_d7cb0faf8b81c2783419.js","en-MT":"sp-component-base_en-us_d7cb0faf8b81c2783419.js","en-PK":"sp-component-base_en-us_d7cb0faf8b81c2783419.js","en-QA":"sp-component-base_en-us_d7cb0faf8b81c2783419.js","en-SA":"sp-component-base_en-us_d7cb0faf8b81c2783419.js","en-LK":"sp-component-base_en-us_d7cb0faf8b81c2783419.js","en-AE":"sp-component-base_en-us_d7cb0faf8b81c2783419.js","en-VN":"sp-component-base_en-us_d7cb0faf8b81c2783419.js","is":"sp-component-base_en-us_d7cb0faf8b81c2783419.js","km":"sp-component-base_en-us_d7cb0faf8b81c2783419.js","kh":"sp-component-base_en-us_d7cb0faf8b81c2783419.js","mt":"sp-component-base_en-us_d7cb0faf8b81c2783419.js","fa":"sp-component-base_en-us_d7cb0faf8b81c2783419.js","gd":"sp-component-base_en-us_d7cb0faf8b81c2783419.js","sr-Cyrl-BA":"sp-component-base_en-us_d7cb0faf8b81c2783419.js","sr-Latn-BA":"sp-component-base_en-us_d7cb0faf8b81c2783419.js","sd":"sp-component-base_en-us_d7cb0faf8b81c2783419.js","si":"sp-component-base_en-us_d7cb0faf8b81c2783419.js","so":"sp-component-base_en-us_d7cb0faf8b81c2783419.js","ti-ET":"sp-component-base_en-us_d7cb0faf8b81c2783419.js","uz":"sp-component-base_en-us_d7cb0faf8b81c2783419.js","en-SG":"sp-component-base_en-us_d7cb0faf8b81c2783419.js","en-HK":"sp-component-base_en-us_d7cb0faf8b81c2783419.js","en-MY":"sp-component-base_en-us_d7cb0faf8b81c2783419.js","en-PH":"sp-component-base_en-us_d7cb0faf8b81c2783419.js","en-TT":"sp-component-base_en-us_d7cb0faf8b81c2783419.js","en-AZ":"sp-component-base_en-us_d7cb0faf8b81c2783419.js","en-BH":"sp-component-base_en-us_d7cb0faf8b81c2783419.js","en-BN":"sp-component-base_en-us_d7cb0faf8b81c2783419.js","en-ID":"sp-component-base_en-us_d7cb0faf8b81c2783419.js","mi":"sp-component-base_en-us_d7cb0faf8b81c2783419.js"},"defaultPath":"sp-component-base_default_d7cb0faf8b81c2783419.js"},"tslib":{"type":"component","id":"01c4df03-e775-48cb-aa14-171ee5199a15","version":"1.10.0"},"@microsoft/sp-dynamic-data":{"type":"component","id":"e40f8203-b39d-425a-a957-714852e33b79","version":"1.13.1"},"@microsoft/sp-lodash-subset":{"type":"component","id":"73e1dc6c-8441-42cc-ad47-4bd3659f8a3a","version":"1.13.1"},"@microsoft/sp-core-library":{"type":"component","id":"7263c7d0-1d6a-45ec-8d85-d4d1d234171b","version":"1.13.1"},"@microsoft/sp-page-context":{"type":"component","id":"1c4541f7-5c31-41aa-9fa8-fbc9dc14c0a8","version":"1.13.1"},"@microsoft/load-themed-styles":{"type":"component","id":"229b8d08-79f3-438b-8c21-4613fc877abd","version":"0.1.2"},"@microsoft/sp-diagnostics":{"type":"component","id":"78359e4b-07c2-43c6-8d0b-d060b4d577e8","version":"1.13.1"},"@microsoft/sp-http":{"type":"component","id":"c07208f0-ea3b-4c1a-9965-ac1b825211a6","version":"1.13.1"}}}},{"id":"1e384972-6346-49b4-93c7-b2e6763938e6","alias":"sp-polyfills","componentType":"Library","version":"1.13.1","manifestVersion":2,"loaderConfig":{"internalModuleBaseUrls":["https://localhost:4321/node_modules/@microsoft/sp-polyfills/dist/","http://localhost:4321/dist/"],"entryModuleId":"sp-polyfills","scriptResources":{"sp-polyfills":{"type":"path","path":"sp-polyfills_none_487395f75e849ff3d027.js"}}}},{"id":"1c6c9123-7aac-41f3-a376-3caea41ed83f","alias":"SPLoader","componentType":"Library","version":"1.13.1","manifestVersion":2,"loaderConfig":{"internalModuleBaseUrls":["https://localhost:4321/node_modules/@microsoft/sp-loader/dist/","https://localhost:54321/dist/"],"entryModuleId":"sp-loader","scriptResources":{"sp-loader":{"type":"localizedPath","paths":{"default":"sp-loader_default_01042be3a7575cf5e03a.js","en-US":"sp-loader_en-us_01042be3a7575cf5e03a.js","qps-ploca":"sp-loader_qps-ploca_01042be3a7575cf5e03a.js","qps-ploc":"sp-loader_qps-ploc_01042be3a7575cf5e03a.js","en-GB":"sp-loader_en-us_01042be3a7575cf5e03a.js","en-NZ":"sp-loader_en-us_01042be3a7575cf5e03a.js","en-IE":"sp-loader_en-us_01042be3a7575cf5e03a.js","en-AU":"sp-loader_en-us_01042be3a7575cf5e03a.js","bn":"sp-loader_en-us_01042be3a7575cf5e03a.js","chr":"sp-loader_en-us_01042be3a7575cf5e03a.js","dv":"sp-loader_en-us_01042be3a7575cf5e03a.js","div":"sp-loader_en-us_01042be3a7575cf5e03a.js","en":"sp-loader_en-us_01042be3a7575cf5e03a.js","fil":"sp-loader_en-us_01042be3a7575cf5e03a.js","haw":"sp-loader_en-us_01042be3a7575cf5e03a.js","iu":"sp-loader_en-us_01042be3a7575cf5e03a.js","lo":"sp-loader_en-us_01042be3a7575cf5e03a.js","moh":"sp-loader_en-us_01042be3a7575cf5e03a.js","sq":"sp-loader_en-us_01042be3a7575cf5e03a.js","am":"sp-loader_en-us_01042be3a7575cf5e03a.js","hy":"sp-loader_en-us_01042be3a7575cf5e03a.js","mk":"sp-loader_en-us_01042be3a7575cf5e03a.js","bs":"sp-loader_en-us_01042be3a7575cf5e03a.js","my":"sp-loader_en-us_01042be3a7575cf5e03a.js","dz":"sp-loader_en-us_01042be3a7575cf5e03a.js","en-CY":"sp-loader_en-us_01042be3a7575cf5e03a.js","en-EG":"sp-loader_en-us_01042be3a7575cf5e03a.js","en-IL":"sp-loader_en-us_01042be3a7575cf5e03a.js","en-IS":"sp-loader_en-us_01042be3a7575cf5e03a.js","en-JO":"sp-loader_en-us_01042be3a7575cf5e03a.js","en-KE":"sp-loader_en-us_01042be3a7575cf5e03a.js","en-KW":"sp-loader_en-us_01042be3a7575cf5e03a.js","en-MK":"sp-loader_en-us_01042be3a7575cf5e03a.js","en-MT":"sp-loader_en-us_01042be3a7575cf5e03a.js","en-PK":"sp-loader_en-us_01042be3a7575cf5e03a.js","en-QA":"sp-loader_en-us_01042be3a7575cf5e03a.js","en-SA":"sp-loader_en-us_01042be3a7575cf5e03a.js","en-LK":"sp-loader_en-us_01042be3a7575cf5e03a.js","en-AE":"sp-loader_en-us_01042be3a7575cf5e03a.js","en-VN":"sp-loader_en-us_01042be3a7575cf5e03a.js","is":"sp-loader_en-us_01042be3a7575cf5e03a.js","km":"sp-loader_en-us_01042be3a7575cf5e03a.js","kh":"sp-loader_en-us_01042be3a7575cf5e03a.js","mt":"sp-loader_en-us_01042be3a7575cf5e03a.js","fa":"sp-loader_en-us_01042be3a7575cf5e03a.js","gd":"sp-loader_en-us_01042be3a7575cf5e03a.js","sr-Cyrl-BA":"sp-loader_en-us_01042be3a7575cf5e03a.js","sr-Latn-BA":"sp-loader_en-us_01042be3a7575cf5e03a.js","sd":"sp-loader_en-us_01042be3a7575cf5e03a.js","si":"sp-loader_en-us_01042be3a7575cf5e03a.js","so":"sp-loader_en-us_01042be3a7575cf5e03a.js","ti-ET":"sp-loader_en-us_01042be3a7575cf5e03a.js","uz":"sp-loader_en-us_01042be3a7575cf5e03a.js","en-SG":"sp-loader_en-us_01042be3a7575cf5e03a.js","en-HK":"sp-loader_en-us_01042be3a7575cf5e03a.js","en-MY":"sp-loader_en-us_01042be3a7575cf5e03a.js","en-PH":"sp-loader_en-us_01042be3a7575cf5e03a.js","en-TT":"sp-loader_en-us_01042be3a7575cf5e03a.js","en-AZ":"sp-loader_en-us_01042be3a7575cf5e03a.js","en-BH":"sp-loader_en-us_01042be3a7575cf5e03a.js","en-BN":"sp-loader_en-us_01042be3a7575cf5e03a.js","en-ID":"sp-loader_en-us_01042be3a7575cf5e03a.js","mi":"sp-loader_en-us_01042be3a7575cf5e03a.js"},"defaultPath":"sp-loader_default_01042be3a7575cf5e03a.js"},"@ms/sp-telemetry":{"type":"component","id":"8217e442-8ed3-41fd-957d-b112e841286a","version":"0.19.42"},"@microsoft/sp-dynamic-data":{"type":"component","id":"e40f8203-b39d-425a-a957-714852e33b79","version":"1.13.1"},"@microsoft/sp-lodash-subset":{"type":"component","id":"73e1dc6c-8441-42cc-ad47-4bd3659f8a3a","version":"1.13.1"},"@microsoft/sp-core-library":{"type":"component","id":"7263c7d0-1d6a-45ec-8d85-d4d1d234171b","version":"1.13.1"},"@microsoft/sp-page-context":{"type":"component","id":"1c4541f7-5c31-41aa-9fa8-fbc9dc14c0a8","version":"1.13.1"},"@microsoft/load-themed-styles":{"type":"component","id":"229b8d08-79f3-438b-8c21-4613fc877abd","version":"0.1.2"},"@microsoft/sp-diagnostics":{"type":"component","id":"78359e4b-07c2-43c6-8d0b-d060b4d577e8","version":"1.13.1"},"@microsoft/sp-http":{"type":"component","id":"c07208f0-ea3b-4c1a-9965-ac1b825211a6","version":"1.13.1"}}}},{"manifestVersion":2,"componentType":"Library","id":"44bae1a2-d2eb-4e10-8c21-a1dbdce1036f","alias":"sp-loader-assembly","isInternal":true,"version":"1.0.0","rootComponentId":"1c6c9123-7aac-41f3-a376-3caea41ed83f","requiresCustomScript":false,"loaderConfig":{"internalModuleBaseUrls":["https://localhost:4321/node_modules/@microsoft/sp-loader/dist/"],"entryModuleId":"sp-loader-assembly","scriptResources":{"sp-loader-assembly":{"type":"localizedPath","paths":{"default":"sp-loader-assembly_default.js","en-US":"sp-loader-assembly_en-us.js","qps-ploca":"sp-loader-assembly_qps-ploca.js","qps-ploc":"sp-loader-assembly_qps-ploc.js","en-GB":"sp-loader-assembly_en-us.js","en-NZ":"sp-loader-assembly_en-us.js","en-IE":"sp-loader-assembly_en-us.js","en-AU":"sp-loader-assembly_en-us.js","bn":"sp-loader-assembly_en-us.js","chr":"sp-loader-assembly_en-us.js","dv":"sp-loader-assembly_en-us.js","div":"sp-loader-assembly_en-us.js","en":"sp-loader-assembly_en-us.js","fil":"sp-loader-assembly_en-us.js","haw":"sp-loader-assembly_en-us.js","iu":"sp-loader-assembly_en-us.js","lo":"sp-loader-assembly_en-us.js","moh":"sp-loader-assembly_en-us.js","sq":"sp-loader-assembly_en-us.js","am":"sp-loader-assembly_en-us.js","hy":"sp-loader-assembly_en-us.js","mk":"sp-loader-assembly_en-us.js","bs":"sp-loader-assembly_en-us.js","my":"sp-loader-assembly_en-us.js","dz":"sp-loader-assembly_en-us.js","en-CY":"sp-loader-assembly_en-us.js","en-EG":"sp-loader-assembly_en-us.js","en-IL":"sp-loader-assembly_en-us.js","en-IS":"sp-loader-assembly_en-us.js","en-JO":"sp-loader-assembly_en-us.js","en-KE":"sp-loader-assembly_en-us.js","en-KW":"sp-loader-assembly_en-us.js","en-MK":"sp-loader-assembly_en-us.js","en-MT":"sp-loader-assembly_en-us.js","en-PK":"sp-loader-assembly_en-us.js","en-QA":"sp-loader-assembly_en-us.js","en-SA":"sp-loader-assembly_en-us.js","en-LK":"sp-loader-assembly_en-us.js","en-AE":"sp-loader-assembly_en-us.js","en-VN":"sp-loader-assembly_en-us.js","is":"sp-loader-assembly_en-us.js","km":"sp-loader-assembly_en-us.js","kh":"sp-loader-assembly_en-us.js","mt":"sp-loader-assembly_en-us.js","fa":"sp-loader-assembly_en-us.js","gd":"sp-loader-assembly_en-us.js","sr-Cyrl-BA":"sp-loader-assembly_en-us.js","sr-Latn-BA":"sp-loader-assembly_en-us.js","sd":"sp-loader-assembly_en-us.js","si":"sp-loader-assembly_en-us.js","so":"sp-loader-assembly_en-us.js","ti-ET":"sp-loader-assembly_en-us.js","uz":"sp-loader-assembly_en-us.js","en-SG":"sp-loader-assembly_en-us.js","en-HK":"sp-loader-assembly_en-us.js","en-MY":"sp-loader-assembly_en-us.js","en-PH":"sp-loader-assembly_en-us.js","en-TT":"sp-loader-assembly_en-us.js","en-AZ":"sp-loader-assembly_en-us.js","en-BH":"sp-loader-assembly_en-us.js","en-BN":"sp-loader-assembly_en-us.js","en-ID":"sp-loader-assembly_en-us.js","mi":"sp-loader-assembly_en-us.js"},"defaultPath":"sp-loader-assembly_default.js"}}}},{"id":"0773bd53-a69e-4293-87e6-ba80ea4d614b","alias":"SPExtensionBase","componentType":"Library","version":"1.13.1","manifestVersion":2,"loaderConfig":{"internalModuleBaseUrls":["https://localhost:4321/node_modules/@microsoft/sp-extension-base/dist/","https://localhost:4321/dist/"],"entryModuleId":"sp-extension-base","scriptResources":{"sp-extension-base":{"type":"localizedPath","paths":{"default":"sp-extension-base_default_16594a4a1d6c965dea28.js","en-US":"sp-extension-base_en-us_16594a4a1d6c965dea28.js","qps-ploca":"sp-extension-base_qps-ploca_16594a4a1d6c965dea28.js","qps-ploc":"sp-extension-base_qps-ploc_16594a4a1d6c965dea28.js","en-GB":"sp-extension-base_en-us_16594a4a1d6c965dea28.js","en-NZ":"sp-extension-base_en-us_16594a4a1d6c965dea28.js","en-IE":"sp-extension-base_en-us_16594a4a1d6c965dea28.js","en-AU":"sp-extension-base_en-us_16594a4a1d6c965dea28.js","bn":"sp-extension-base_en-us_16594a4a1d6c965dea28.js","chr":"sp-extension-base_en-us_16594a4a1d6c965dea28.js","dv":"sp-extension-base_en-us_16594a4a1d6c965dea28.js","div":"sp-extension-base_en-us_16594a4a1d6c965dea28.js","en":"sp-extension-base_en-us_16594a4a1d6c965dea28.js","fil":"sp-extension-base_en-us_16594a4a1d6c965dea28.js","haw":"sp-extension-base_en-us_16594a4a1d6c965dea28.js","iu":"sp-extension-base_en-us_16594a4a1d6c965dea28.js","lo":"sp-extension-base_en-us_16594a4a1d6c965dea28.js","moh":"sp-extension-base_en-us_16594a4a1d6c965dea28.js","sq":"sp-extension-base_en-us_16594a4a1d6c965dea28.js","am":"sp-extension-base_en-us_16594a4a1d6c965dea28.js","hy":"sp-extension-base_en-us_16594a4a1d6c965dea28.js","mk":"sp-extension-base_en-us_16594a4a1d6c965dea28.js","bs":"sp-extension-base_en-us_16594a4a1d6c965dea28.js","my":"sp-extension-base_en-us_16594a4a1d6c965dea28.js","dz":"sp-extension-base_en-us_16594a4a1d6c965dea28.js","en-CY":"sp-extension-base_en-us_16594a4a1d6c965dea28.js","en-EG":"sp-extension-base_en-us_16594a4a1d6c965dea28.js","en-IL":"sp-extension-base_en-us_16594a4a1d6c965dea28.js","en-IS":"sp-extension-base_en-us_16594a4a1d6c965dea28.js","en-JO":"sp-extension-base_en-us_16594a4a1d6c965dea28.js","en-KE":"sp-extension-base_en-us_16594a4a1d6c965dea28.js","en-KW":"sp-extension-base_en-us_16594a4a1d6c965dea28.js","en-MK":"sp-extension-base_en-us_16594a4a1d6c965dea28.js","en-MT":"sp-extension-base_en-us_16594a4a1d6c965dea28.js","en-PK":"sp-extension-base_en-us_16594a4a1d6c965dea28.js","en-QA":"sp-extension-base_en-us_16594a4a1d6c965dea28.js","en-SA":"sp-extension-base_en-us_16594a4a1d6c965dea28.js","en-LK":"sp-extension-base_en-us_16594a4a1d6c965dea28.js","en-AE":"sp-extension-base_en-us_16594a4a1d6c965dea28.js","en-VN":"sp-extension-base_en-us_16594a4a1d6c965dea28.js","is":"sp-extension-base_en-us_16594a4a1d6c965dea28.js","km":"sp-extension-base_en-us_16594a4a1d6c965dea28.js","kh":"sp-extension-base_en-us_16594a4a1d6c965dea28.js","mt":"sp-extension-base_en-us_16594a4a1d6c965dea28.js","fa":"sp-extension-base_en-us_16594a4a1d6c965dea28.js","gd":"sp-extension-base_en-us_16594a4a1d6c965dea28.js","sr-Cyrl-BA":"sp-extension-base_en-us_16594a4a1d6c965dea28.js","sr-Latn-BA":"sp-extension-base_en-us_16594a4a1d6c965dea28.js","sd":"sp-extension-base_en-us_16594a4a1d6c965dea28.js","si":"sp-extension-base_en-us_16594a4a1d6c965dea28.js","so":"sp-extension-base_en-us_16594a4a1d6c965dea28.js","ti-ET":"sp-extension-base_en-us_16594a4a1d6c965dea28.js","uz":"sp-extension-base_en-us_16594a4a1d6c965dea28.js","en-SG":"sp-extension-base_en-us_16594a4a1d6c965dea28.js","en-HK":"sp-extension-base_en-us_16594a4a1d6c965dea28.js","en-MY":"sp-extension-base_en-us_16594a4a1d6c965dea28.js","en-PH":"sp-extension-base_en-us_16594a4a1d6c965dea28.js","en-TT":"sp-extension-base_en-us_16594a4a1d6c965dea28.js","en-AZ":"sp-extension-base_en-us_16594a4a1d6c965dea28.js","en-BH":"sp-extension-base_en-us_16594a4a1d6c965dea28.js","en-BN":"sp-extension-base_en-us_16594a4a1d6c965dea28.js","en-ID":"sp-extension-base_en-us_16594a4a1d6c965dea28.js","mi":"sp-extension-base_en-us_16594a4a1d6c965dea28.js"},"defaultPath":"sp-extension-base_default_16594a4a1d6c965dea28.js"},"tslib":{"type":"component","id":"01c4df03-e775-48cb-aa14-171ee5199a15","version":"1.10.0"},"@ms/sp-telemetry":{"type":"component","id":"8217e442-8ed3-41fd-957d-b112e841286a","version":"0.19.42"},"@microsoft/sp-component-base":{"type":"component","id":"467dc675-7cc5-4709-8aac-78e3b71bd2f6","version":"1.13.1"},"@microsoft/sp-loader":{"type":"component","id":"1c6c9123-7aac-41f3-a376-3caea41ed83f","version":"1.13.1"},"@microsoft/sp-core-library":{"type":"component","id":"7263c7d0-1d6a-45ec-8d85-d4d1d234171b","version":"1.13.1"},"@microsoft/sp-diagnostics":{"type":"component","id":"78359e4b-07c2-43c6-8d0b-d060b4d577e8","version":"1.13.1"}}}},{"manifestVersion":2,"id":"4958ea79-6ff3-4480-8291-0932dd010869","alias":"SPSearchExtensibility","componentType":"Library","version":"1.13.1","loaderConfig":{"internalModuleBaseUrls":["https://localhost:4321/node_modules/@microsoft/sp-search-extensibility/dist/","https://localhost:4321/dist/"],"entryModuleId":"sp-search-extensibility","scriptResources":{"sp-search-extensibility":{"type":"path","path":"sp-search-extensibility_none_a93c3fd85cb053d8f73d.js"},"tslib":{"type":"component","id":"01c4df03-e775-48cb-aa14-171ee5199a15","version":"1.10.0"},"@microsoft/sp-loader":{"type":"component","id":"1c6c9123-7aac-41f3-a376-3caea41ed83f","version":"1.13.1"},"@microsoft/sp-core-library":{"type":"component","id":"7263c7d0-1d6a-45ec-8d85-d4d1d234171b","version":"1.13.1"},"@microsoft/sp-extension-base":{"type":"component","id":"0773bd53-a69e-4293-87e6-ba80ea4d614b","version":"1.13.1"},"@microsoft/sp-diagnostics":{"type":"component","id":"78359e4b-07c2-43c6-8d0b-d060b4d577e8","version":"1.13.1"}}}},{"manifestVersion":2,"componentType":"Library","id":"05580011-8e5d-45cc-8488-220e459c5c67","alias":"sp-default-assembly","isInternal":true,"version":"1.0.0","rootComponentId":"4df9bb86-ab0a-4aab-ab5f-48bf167048fb","requiresCustomScript":false,"loaderConfig":{"internalModuleBaseUrls":["https://localhost:4321/node_modules/@microsoft/sp-application-base/dist/"],"entryModuleId":"sp-default-assembly","scriptResources":{"sp-default-assembly":{"type":"localizedPath","paths":{"default":"sp-default-assembly_default.js","en-US":"sp-default-assembly_en-us.js","qps-ploca":"sp-default-assembly_qps-ploca.js","qps-ploc":"sp-default-assembly_qps-ploc.js","en-GB":"sp-default-assembly_en-us.js","en-NZ":"sp-default-assembly_en-us.js","en-IE":"sp-default-assembly_en-us.js","en-AU":"sp-default-assembly_en-us.js","bn":"sp-default-assembly_en-us.js","chr":"sp-default-assembly_en-us.js","dv":"sp-default-assembly_en-us.js","div":"sp-default-assembly_en-us.js","en":"sp-default-assembly_en-us.js","fil":"sp-default-assembly_en-us.js","haw":"sp-default-assembly_en-us.js","iu":"sp-default-assembly_en-us.js","lo":"sp-default-assembly_en-us.js","moh":"sp-default-assembly_en-us.js","sq":"sp-default-assembly_en-us.js","am":"sp-default-assembly_en-us.js","hy":"sp-default-assembly_en-us.js","mk":"sp-default-assembly_en-us.js","bs":"sp-default-assembly_en-us.js","my":"sp-default-assembly_en-us.js","dz":"sp-default-assembly_en-us.js","en-CY":"sp-default-assembly_en-us.js","en-EG":"sp-default-assembly_en-us.js","en-IL":"sp-default-assembly_en-us.js","en-IS":"sp-default-assembly_en-us.js","en-JO":"sp-default-assembly_en-us.js","en-KE":"sp-default-assembly_en-us.js","en-KW":"sp-default-assembly_en-us.js","en-MK":"sp-default-assembly_en-us.js","en-MT":"sp-default-assembly_en-us.js","en-PK":"sp-default-assembly_en-us.js","en-QA":"sp-default-assembly_en-us.js","en-SA":"sp-default-assembly_en-us.js","en-LK":"sp-default-assembly_en-us.js","en-AE":"sp-default-assembly_en-us.js","en-VN":"sp-default-assembly_en-us.js","is":"sp-default-assembly_en-us.js","km":"sp-default-assembly_en-us.js","kh":"sp-default-assembly_en-us.js","mt":"sp-default-assembly_en-us.js","fa":"sp-default-assembly_en-us.js","gd":"sp-default-assembly_en-us.js","sr-Cyrl-BA":"sp-default-assembly_en-us.js","sr-Latn-BA":"sp-default-assembly_en-us.js","sd":"sp-default-assembly_en-us.js","si":"sp-default-assembly_en-us.js","so":"sp-default-assembly_en-us.js","ti-ET":"sp-default-assembly_en-us.js","uz":"sp-default-assembly_en-us.js","en-SG":"sp-default-assembly_en-us.js","en-HK":"sp-default-assembly_en-us.js","en-MY":"sp-default-assembly_en-us.js","en-PH":"sp-default-assembly_en-us.js","en-TT":"sp-default-assembly_en-us.js","en-AZ":"sp-default-assembly_en-us.js","en-BH":"sp-default-assembly_en-us.js","en-BN":"sp-default-assembly_en-us.js","en-ID":"sp-default-assembly_en-us.js","mi":"sp-default-assembly_en-us.js"},"defaultPath":"sp-default-assembly_default.js"}}}},{"id":"4df9bb86-ab0a-4aab-ab5f-48bf167048fb","alias":"SPApplicationBase","componentType":"Library","version":"1.13.1","manifestVersion":2,"preloadComponents":["c0c518b8-701b-4f6f-956d-5782772bb731","4958ea79-6ff3-4480-8291-0932dd010869"],"loaderConfig":{"internalModuleBaseUrls":["https://localhost:4321/node_modules/@microsoft/sp-application-base/dist/","https://localhost:4321/dist/"],"entryModuleId":"sp-application-base","scriptResources":{"sp-application-base":{"type":"localizedPath","paths":{"default":"sp-application-base_default_2c4bba2c6b9781923d1b.js","en-US":"sp-application-base_en-us_2c4bba2c6b9781923d1b.js","qps-ploca":"sp-application-base_qps-ploca_2c4bba2c6b9781923d1b.js","qps-ploc":"sp-application-base_qps-ploc_2c4bba2c6b9781923d1b.js","en-GB":"sp-application-base_en-us_2c4bba2c6b9781923d1b.js","en-NZ":"sp-application-base_en-us_2c4bba2c6b9781923d1b.js","en-IE":"sp-application-base_en-us_2c4bba2c6b9781923d1b.js","en-AU":"sp-application-base_en-us_2c4bba2c6b9781923d1b.js","bn":"sp-application-base_en-us_2c4bba2c6b9781923d1b.js","chr":"sp-application-base_en-us_2c4bba2c6b9781923d1b.js","dv":"sp-application-base_en-us_2c4bba2c6b9781923d1b.js","div":"sp-application-base_en-us_2c4bba2c6b9781923d1b.js","en":"sp-application-base_en-us_2c4bba2c6b9781923d1b.js","fil":"sp-application-base_en-us_2c4bba2c6b9781923d1b.js","haw":"sp-application-base_en-us_2c4bba2c6b9781923d1b.js","iu":"sp-application-base_en-us_2c4bba2c6b9781923d1b.js","lo":"sp-application-base_en-us_2c4bba2c6b9781923d1b.js","moh":"sp-application-base_en-us_2c4bba2c6b9781923d1b.js","sq":"sp-application-base_en-us_2c4bba2c6b9781923d1b.js","am":"sp-application-base_en-us_2c4bba2c6b9781923d1b.js","hy":"sp-application-base_en-us_2c4bba2c6b9781923d1b.js","mk":"sp-application-base_en-us_2c4bba2c6b9781923d1b.js","bs":"sp-application-base_en-us_2c4bba2c6b9781923d1b.js","my":"sp-application-base_en-us_2c4bba2c6b9781923d1b.js","dz":"sp-application-base_en-us_2c4bba2c6b9781923d1b.js","en-CY":"sp-application-base_en-us_2c4bba2c6b9781923d1b.js","en-EG":"sp-application-base_en-us_2c4bba2c6b9781923d1b.js","en-IL":"sp-application-base_en-us_2c4bba2c6b9781923d1b.js","en-IS":"sp-application-base_en-us_2c4bba2c6b9781923d1b.js","en-JO":"sp-application-base_en-us_2c4bba2c6b9781923d1b.js","en-KE":"sp-application-base_en-us_2c4bba2c6b9781923d1b.js","en-KW":"sp-application-base_en-us_2c4bba2c6b9781923d1b.js","en-MK":"sp-application-base_en-us_2c4bba2c6b9781923d1b.js","en-MT":"sp-application-base_en-us_2c4bba2c6b9781923d1b.js","en-PK":"sp-application-base_en-us_2c4bba2c6b9781923d1b.js","en-QA":"sp-application-base_en-us_2c4bba2c6b9781923d1b.js","en-SA":"sp-application-base_en-us_2c4bba2c6b9781923d1b.js","en-LK":"sp-application-base_en-us_2c4bba2c6b9781923d1b.js","en-AE":"sp-application-base_en-us_2c4bba2c6b9781923d1b.js","en-VN":"sp-application-base_en-us_2c4bba2c6b9781923d1b.js","is":"sp-application-base_en-us_2c4bba2c6b9781923d1b.js","km":"sp-application-base_en-us_2c4bba2c6b9781923d1b.js","kh":"sp-application-base_en-us_2c4bba2c6b9781923d1b.js","mt":"sp-application-base_en-us_2c4bba2c6b9781923d1b.js","fa":"sp-application-base_en-us_2c4bba2c6b9781923d1b.js","gd":"sp-application-base_en-us_2c4bba2c6b9781923d1b.js","sr-Cyrl-BA":"sp-application-base_en-us_2c4bba2c6b9781923d1b.js","sr-Latn-BA":"sp-application-base_en-us_2c4bba2c6b9781923d1b.js","sd":"sp-application-base_en-us_2c4bba2c6b9781923d1b.js","si":"sp-application-base_en-us_2c4bba2c6b9781923d1b.js","so":"sp-application-base_en-us_2c4bba2c6b9781923d1b.js","ti-ET":"sp-application-base_en-us_2c4bba2c6b9781923d1b.js","uz":"sp-application-base_en-us_2c4bba2c6b9781923d1b.js","en-SG":"sp-application-base_en-us_2c4bba2c6b9781923d1b.js","en-HK":"sp-application-base_en-us_2c4bba2c6b9781923d1b.js","en-MY":"sp-application-base_en-us_2c4bba2c6b9781923d1b.js","en-PH":"sp-application-base_en-us_2c4bba2c6b9781923d1b.js","en-TT":"sp-application-base_en-us_2c4bba2c6b9781923d1b.js","en-AZ":"sp-application-base_en-us_2c4bba2c6b9781923d1b.js","en-BH":"sp-application-base_en-us_2c4bba2c6b9781923d1b.js","en-BN":"sp-application-base_en-us_2c4bba2c6b9781923d1b.js","en-ID":"sp-application-base_en-us_2c4bba2c6b9781923d1b.js","mi":"sp-application-base_en-us_2c4bba2c6b9781923d1b.js"},"defaultPath":"sp-application-base_default_2c4bba2c6b9781923d1b.js"},"tslib":{"type":"component","id":"01c4df03-e775-48cb-aa14-171ee5199a15","version":"1.10.0"},"@ms/sp-telemetry":{"type":"component","id":"8217e442-8ed3-41fd-957d-b112e841286a","version":"0.19.42"},"@microsoft/sp-component-base":{"type":"component","id":"467dc675-7cc5-4709-8aac-78e3b71bd2f6","version":"1.13.1"},"@microsoft/sp-loader":{"type":"component","id":"1c6c9123-7aac-41f3-a376-3caea41ed83f","version":"1.13.1"},"@microsoft/sp-lodash-subset":{"type":"component","id":"73e1dc6c-8441-42cc-ad47-4bd3659f8a3a","version":"1.13.1"},"@microsoft/sp-core-library":{"type":"component","id":"7263c7d0-1d6a-45ec-8d85-d4d1d234171b","version":"1.13.1"},"@microsoft/sp-page-context":{"type":"component","id":"1c4541f7-5c31-41aa-9fa8-fbc9dc14c0a8","version":"1.13.1"},"@microsoft/sp-extension-base":{"type":"component","id":"0773bd53-a69e-4293-87e6-ba80ea4d614b","version":"1.13.1"},"@microsoft/sp-diagnostics":{"type":"component","id":"78359e4b-07c2-43c6-8d0b-d060b4d577e8","version":"1.13.1"},"@microsoft/sp-http":{"type":"component","id":"c07208f0-ea3b-4c1a-9965-ac1b825211a6","version":"1.13.1"}}}},{"id":"c0c518b8-701b-4f6f-956d-5782772bb731","alias":"SPDialog","componentType":"Library","version":"1.13.1","manifestVersion":2,"loaderConfig":{"internalModuleBaseUrls":["https://localhost:4321/node_modules/@microsoft/sp-dialog/dist/","https://localhost:4321/dist/"],"entryModuleId":"sp-dialog","scriptResources":{"sp-dialog":{"type":"path","path":"sp-dialog_none_134de7012b23f6b67d3c.js"},"tslib":{"type":"component","id":"01c4df03-e775-48cb-aa14-171ee5199a15","version":"1.10.0"},"@microsoft/sp-application-base":{"type":"component","id":"4df9bb86-ab0a-4aab-ab5f-48bf167048fb","version":"1.13.1"},"@microsoft/office-ui-fabric-react-bundle":{"type":"component","id":"02a01e42-69ab-403d-8a16-acd128661f8e","version":"1.13.1"},"@microsoft/sp-core-library":{"type":"component","id":"7263c7d0-1d6a-45ec-8d85-d4d1d234171b","version":"1.13.1"},"react":{"type":"component","id":"0d910c1c-13b9-4e1c-9aa4-b008c5e42d7d","version":"16.13.1"},"react-dom":{"type":"component","id":"aa0a46ec-1505-43cd-a44a-93f3a5aa460a","version":"16.13.1"},"@ms/uifabric-styling-bundle":{"type":"component","id":"17ce0976-e69a-4355-be84-89b69a74717d","version":"0.1.2"},"@microsoft/load-themed-styles":{"type":"component","id":"229b8d08-79f3-438b-8c21-4613fc877abd","version":"0.1.2"},"@microsoft/sp-diagnostics":{"type":"component","id":"78359e4b-07c2-43c6-8d0b-d060b4d577e8","version":"1.13.1"}}}},{"id":"29bd516f-4ece-40b7-8028-597cbc65a223","alias":"SpOfficeUIFabricCore","componentType":"Library","version":"1.13.1","manifestVersion":2,"loaderConfig":{"internalModuleBaseUrls":["https://localhost:4321/node_modules/@microsoft/sp-office-ui-fabric-core/dist/","http://localhost:4321/dist/"],"entryModuleId":"office-ui-fabric-core","scriptResources":{"office-ui-fabric-core":{"type":"path","path":"office-ui-fabric-core_none_ad92dbcc22590a12f238.js"},"@microsoft/load-themed-styles":{"type":"component","id":"229b8d08-79f3-438b-8c21-4613fc877abd","version":"0.1.2"}}}},{"id":"d138ad47-b495-485d-9432-b876ffdb5934","alias":"HidePageElementsApplicationCustomizer","componentType":"Extension","extensionType":"ApplicationCustomizer","version":"0.0.1","manifestVersion":2,"requiresCustomScript":false,"loaderConfig":{"internalModuleBaseUrls":["https://localhost:4321/dist/"],"entryModuleId":"hide-page-elements-application-customizer","scriptResources":{"hide-page-elements-application-customizer":{"type":"path","path":"hide-page-elements-application-customizer.js"},"@microsoft/sp-application-base":{"type":"component","id":"4df9bb86-ab0a-4aab-ab5f-48bf167048fb","version":"1.13.1"},"react":{"type":"component","id":"0d910c1c-13b9-4e1c-9aa4-b008c5e42d7d","version":"16.13.1"},"react-dom":{"type":"component","id":"aa0a46ec-1505-43cd-a44a-93f3a5aa460a","version":"16.13.1"},"@microsoft/decorators":{"type":"component","id":"f97266fb-ccb7-430e-9384-4124d05295d3","version":"1.13.1"}}}}]