{
  "$schema": "https://developer.microsoft.com/json-schemas/spfx-build/package-solution.schema.json",
  "solution": {
    "name": "employeespotlight-client-side-solution",
    "id": "0f95f97c-7536-4d66-8ee1-0e50b48efe0d",
    "version": "1.0.0.0",
    "includeClientSideAssets": true,
    "skipFeatureDeployment": true,
    "isDomainIsolated": false,
    "webApiPermissionRequests": [
      { "resource": "Microsoft Graph", "scope": "User.ReadBasic.All" },
      { "resource": "Microsoft Graph", "scope": "sites.Read.All" },
      { "resource": "Microsoft Graph", "scope": "Reports.Read.All" },
      {
        "resource": "Microsoft Graph",
        "scope": "People.Read.All"
      },
      {
        "resource": "Microsoft Graph",
        "scope": "User.ReadWrite"
      }
    ],
    "developer": {
      "name": "",
      "websiteUrl": "",
      "privacyUrl": "",
      "termsOfUseUrl": "",
      "mpnId": "Undefined-1.15.0"
    },
    "metadata": {
      "shortDescription": {
        "default": "employeespotlight description"
      },
      "longDescription": {
        "default": "employeespotlight description"
      },
      "screenshotPaths": [],
      "videoUrl": "",
      "categories": []
    },
    "features": [
      {
        "title": "employeespotlight Feature",
        "description": "The feature that activates elements of the employeespotlight solution.",
        "id": "a4e0ca0a-c635-4f74-81c9-9b8611aaf134",
        "version": "1.0.0.0"
      }
    ]
  },
  "paths": {
    "zippedPackage": "solution/employeespotlight.sppkg"
  }
}
