{
  "$schema": "https://developer.microsoft.com/json-schemas/spfx-build/package-solution.schema.json",
  "solution": {
    "name": "employeespotlight-client-side-solution",
    "id": "c9948711-2dfc-45c7-b8a0-af8171023524",
    "version": "1.0.0.0",
    "includeClientSideAssets": true,
    "skipFeatureDeployment": true,
    "isDomainIsolated": false,
    "developer": {
      "name": "",
      "websiteUrl": "",
      "privacyUrl": "",
      "termsOfUseUrl": "",
      "mpnId": "Undefined-1.15.0"
    },
    "metadata": {
      "shortDescription": {
        "default": "employeespotlight description"
      },
      "longDescription": {
        "default": "employeespotlight description"
      },
      "screenshotPaths": [],
      "videoUrl": "",
      "categories": []
    },
    "features": [
      {
        "title": "employeespotlight Feature",
        "description": "The feature that activates elements of the employeespotlight solution.",
        "id": "8da551dd-af65-4e10-87db-2369812a4b80",
        "version": "1.0.0.0"
      }
    ]
  },
  "paths": {
    "zippedPackage": "solution/employeespotlight.sppkg"
  }
}
