{
  "$schema": "https://developer.microsoft.com/json-schemas/spfx-build/package-solution.schema.json",
  "solution": {
    "name": "HidePageElements SPFX Add-in",
    "id": "9cd39af7-e18d-4a25-b0d4-80d3449aadef",
    "version": "1.0.0.0",
    "includeClientSideAssets": true,
    "isDomainIsolated": false,
    "developer": {
      "name": "",
      "websiteUrl": "",
      "privacyUrl": "",
      "termsOfUseUrl": "",
      "mpnId": "Undefined-1.13.1"
    },
    "features": [
      {
        "title": "HidePageElements SPFX Add-in",
        "description": "Hide page elements",
        "id": "ff709a57-2636-4b39-a38a-35e0dbc0bc28",
        "version": "1.0.0.0",
        "assets": {
          "elementManifests": [
            "elements.xml"
          ]
        }
      }
    ]
  },
  "paths": {
    "zippedPackage": "solution/HidePageElements SPFX Add-in.sppkg"
  }
}
