{
  "$schema": "https://developer.microsoft.com/json-schemas/core-build/serve.schema.json",
  "port": 4321,
  "https": true,
  "serveConfigurations": {
    "default": {
      "pageUrl": "https://ganesandeveloper.sharepoint.com/sites/helpdesk",
      "customActions": {
        "d138ad47-b495-485d-9432-b876ffdb5934": {
          "location": "ClientSideExtension.ApplicationCustomizer",
          "properties": {
            "siteUrl": ""
          }
        }
      }
    },
    "hidePageElements": {
      "pageUrl": "https://ganesandeveloper.sharepoint.com/sites/helpdesk",
      "customActions": {
        "d138ad47-b495-485d-9432-b876ffdb5934": {
          "location": "ClientSideExtension.ApplicationCustomizer",
          "properties": {
            "siteUrl": ""
          }
        }
      }
    }
  }
}
