[{"id":"73e1dc6c-8441-42cc-ad47-4bd3659f8a3a","alias":"SPLodashSubset","componentType":"Library","version":"1.15.0","manifestVersion":2,"loaderConfig":{"internalModuleBaseUrls":["https://localhost:4321/node_modules/@microsoft/sp-lodash-subset/dist/"],"entryModuleId":"sp-lodash-subset","scriptResources":{"sp-lodash-subset":{"type":"path","path":"sp-lodash-subset_1e252703d043c74f6064.js"}}}},{"id":"7263c7d0-1d6a-45ec-8d85-d4d1d234171b","alias":"SPCoreLibrary","componentType":"Library","version":"1.15.0","manifestVersion":2,"loaderConfig":{"internalModuleBaseUrls":["https://localhost:4321/node_modules/@microsoft/sp-core-library/dist/","https://localhost:4321/dist/"],"entryModuleId":"sp-core-library","scriptResources":{"sp-core-library":{"type":"localizedPath","paths":{"default":"sp-core-library_default_6236bbe20acfae1dc6eb.js","en-US":"sp-core-library_en-us_6236bbe20acfae1dc6eb.js","qps-ploca":"sp-core-library_qps-ploca_6236bbe20acfae1dc6eb.js","qps-ploc":"sp-core-library_qps-ploc_6236bbe20acfae1dc6eb.js","en-GB":"sp-core-library_en-us_6236bbe20acfae1dc6eb.js","en-NZ":"sp-core-library_en-us_6236bbe20acfae1dc6eb.js","en-IE":"sp-core-library_en-us_6236bbe20acfae1dc6eb.js","en-AU":"sp-core-library_en-us_6236bbe20acfae1dc6eb.js","bn":"sp-core-library_en-us_6236bbe20acfae1dc6eb.js","chr":"sp-core-library_en-us_6236bbe20acfae1dc6eb.js","dv":"sp-core-library_en-us_6236bbe20acfae1dc6eb.js","div":"sp-core-library_en-us_6236bbe20acfae1dc6eb.js","en":"sp-core-library_en-us_6236bbe20acfae1dc6eb.js","fil":"sp-core-library_en-us_6236bbe20acfae1dc6eb.js","haw":"sp-core-library_en-us_6236bbe20acfae1dc6eb.js","iu":"sp-core-library_en-us_6236bbe20acfae1dc6eb.js","lo":"sp-core-library_en-us_6236bbe20acfae1dc6eb.js","moh":"sp-core-library_en-us_6236bbe20acfae1dc6eb.js","sq":"sp-core-library_en-us_6236bbe20acfae1dc6eb.js","am":"sp-core-library_en-us_6236bbe20acfae1dc6eb.js","hy":"sp-core-library_en-us_6236bbe20acfae1dc6eb.js","mk":"sp-core-library_en-us_6236bbe20acfae1dc6eb.js","bs":"sp-core-library_en-us_6236bbe20acfae1dc6eb.js","my":"sp-core-library_en-us_6236bbe20acfae1dc6eb.js","dz":"sp-core-library_en-us_6236bbe20acfae1dc6eb.js","en-CY":"sp-core-library_en-us_6236bbe20acfae1dc6eb.js","en-EG":"sp-core-library_en-us_6236bbe20acfae1dc6eb.js","en-IL":"sp-core-library_en-us_6236bbe20acfae1dc6eb.js","en-IS":"sp-core-library_en-us_6236bbe20acfae1dc6eb.js","en-JO":"sp-core-library_en-us_6236bbe20acfae1dc6eb.js","en-KE":"sp-core-library_en-us_6236bbe20acfae1dc6eb.js","en-KW":"sp-core-library_en-us_6236bbe20acfae1dc6eb.js","en-MK":"sp-core-library_en-us_6236bbe20acfae1dc6eb.js","en-MT":"sp-core-library_en-us_6236bbe20acfae1dc6eb.js","en-PK":"sp-core-library_en-us_6236bbe20acfae1dc6eb.js","en-QA":"sp-core-library_en-us_6236bbe20acfae1dc6eb.js","en-SA":"sp-core-library_en-us_6236bbe20acfae1dc6eb.js","en-LK":"sp-core-library_en-us_6236bbe20acfae1dc6eb.js","en-AE":"sp-core-library_en-us_6236bbe20acfae1dc6eb.js","en-VN":"sp-core-library_en-us_6236bbe20acfae1dc6eb.js","is":"sp-core-library_en-us_6236bbe20acfae1dc6eb.js","km":"sp-core-library_en-us_6236bbe20acfae1dc6eb.js","kh":"sp-core-library_en-us_6236bbe20acfae1dc6eb.js","mt":"sp-core-library_en-us_6236bbe20acfae1dc6eb.js","fa":"sp-core-library_en-us_6236bbe20acfae1dc6eb.js","gd":"sp-core-library_en-us_6236bbe20acfae1dc6eb.js","sr-Cyrl-BA":"sp-core-library_en-us_6236bbe20acfae1dc6eb.js","sr-Latn-BA":"sp-core-library_en-us_6236bbe20acfae1dc6eb.js","sd":"sp-core-library_en-us_6236bbe20acfae1dc6eb.js","si":"sp-core-library_en-us_6236bbe20acfae1dc6eb.js","so":"sp-core-library_en-us_6236bbe20acfae1dc6eb.js","ti-ET":"sp-core-library_en-us_6236bbe20acfae1dc6eb.js","uz":"sp-core-library_en-us_6236bbe20acfae1dc6eb.js","en-SG":"sp-core-library_en-us_6236bbe20acfae1dc6eb.js","en-HK":"sp-core-library_en-us_6236bbe20acfae1dc6eb.js","en-MY":"sp-core-library_en-us_6236bbe20acfae1dc6eb.js","en-PH":"sp-core-library_en-us_6236bbe20acfae1dc6eb.js","en-TT":"sp-core-library_en-us_6236bbe20acfae1dc6eb.js","en-AZ":"sp-core-library_en-us_6236bbe20acfae1dc6eb.js","en-BH":"sp-core-library_en-us_6236bbe20acfae1dc6eb.js","en-BN":"sp-core-library_en-us_6236bbe20acfae1dc6eb.js","en-ID":"sp-core-library_en-us_6236bbe20acfae1dc6eb.js","mi":"sp-core-library_en-us_6236bbe20acfae1dc6eb.js"},"defaultPath":"sp-core-library_default_6236bbe20acfae1dc6eb.js"},"tslib":{"type":"component","id":"01c4df03-e775-48cb-aa14-171ee5199a15","version":"2.3.1"},"@ms/odsp-core-bundle":{"type":"component","id":"2e09fb9b-13bb-48f2-859f-97d6fff71176","version":"1.1.359"},"@microsoft/sp-lodash-subset":{"type":"component","id":"73e1dc6c-8441-42cc-ad47-4bd3659f8a3a","version":"1.15.0"}}}},{"id":"29bd516f-4ece-40b7-8028-597cbc65a223","alias":"SpOfficeUIFabricCore","componentType":"Library","version":"1.15.0","manifestVersion":2,"loaderConfig":{"internalModuleBaseUrls":["https://localhost:4321/node_modules/@microsoft/sp-office-ui-fabric-core/dist/","http://localhost:4321/dist/"],"entryModuleId":"office-ui-fabric-core","scriptResources":{"office-ui-fabric-core":{"type":"path","path":"office-ui-fabric-core_none_df2985e00af7256081b9.js"},"@microsoft/load-themed-styles":{"type":"component","id":"229b8d08-79f3-438b-8c21-4613fc877abd","version":"0.1.2"}}}},{"id":"02a01e42-69ab-403d-8a16-acd128661f8e","alias":"OfficeUIFabricReact","componentType":"Library","version":"1.15.0","manifestVersion":2,"loaderConfig":{"internalModuleBaseUrls":["https://localhost:4321/node_modules/@microsoft/office-ui-fabric-react-bundle/dist/","https://localhost:4321/dist/"],"entryModuleId":"office-ui-fabric-react-bundle","scriptResources":{"office-ui-fabric-react-bundle":{"type":"path","path":"office-ui-fabric-react-bundle_none_6accf0d5e32bb29f5d7b.js"},"tslib":{"type":"component","id":"01c4df03-e775-48cb-aa14-171ee5199a15","version":"2.3.1"},"react":{"type":"component","id":"0d910c1c-13b9-4e1c-9aa4-b008c5e42d7d","version":"16.13.1"},"react-dom":{"type":"component","id":"aa0a46ec-1505-43cd-a44a-93f3a5aa460a","version":"16.13.1"},"@ms/uifabric-styling-bundle":{"type":"component","id":"17ce0976-e69a-4355-be84-89b69a74717d","version":"0.1.4"}}}},{"manifestVersion":2,"id":"78359e4b-07c2-43c6-8d0b-d060b4d577e8","alias":"SPDiagnostics","componentType":"Library","version":"1.15.0","loaderConfig":{"internalModuleBaseUrls":["https://localhost:4321/node_modules/@microsoft/sp-diagnostics/dist/","https://localhost:4321/dist/"],"entryModuleId":"sp-diagnostics","scriptResources":{"sp-diagnostics":{"type":"path","path":"sp-diagnostics_none_28238f56cca56eec8ea9.js"},"tslib":{"type":"component","id":"01c4df03-e775-48cb-aa14-171ee5199a15","version":"2.3.1"},"@microsoft/sp-lodash-subset":{"type":"component","id":"73e1dc6c-8441-42cc-ad47-4bd3659f8a3a","version":"1.15.0"},"@microsoft/sp-core-library":{"type":"component","id":"7263c7d0-1d6a-45ec-8d85-d4d1d234171b","version":"1.15.0"}}}},{"manifestVersion":2,"id":"e40f8203-b39d-425a-a957-714852e33b79","alias":"SPDynamicData","componentType":"Library","version":"1.15.0","loaderConfig":{"internalModuleBaseUrls":["https://localhost:4321/node_modules/@microsoft/sp-dynamic-data/dist/","https://localhost:4321/dist/"],"entryModuleId":"sp-dynamic-data","scriptResources":{"sp-dynamic-data":{"type":"localizedPath","paths":{"default":"sp-dynamic-data_default_b6989058a16f44342fb9.js","en-US":"sp-dynamic-data_en-us_b6989058a16f44342fb9.js","qps-ploca":"sp-dynamic-data_qps-ploca_b6989058a16f44342fb9.js","qps-ploc":"sp-dynamic-data_qps-ploc_b6989058a16f44342fb9.js","en-GB":"sp-dynamic-data_en-us_b6989058a16f44342fb9.js","en-NZ":"sp-dynamic-data_en-us_b6989058a16f44342fb9.js","en-IE":"sp-dynamic-data_en-us_b6989058a16f44342fb9.js","en-AU":"sp-dynamic-data_en-us_b6989058a16f44342fb9.js","bn":"sp-dynamic-data_en-us_b6989058a16f44342fb9.js","chr":"sp-dynamic-data_en-us_b6989058a16f44342fb9.js","dv":"sp-dynamic-data_en-us_b6989058a16f44342fb9.js","div":"sp-dynamic-data_en-us_b6989058a16f44342fb9.js","en":"sp-dynamic-data_en-us_b6989058a16f44342fb9.js","fil":"sp-dynamic-data_en-us_b6989058a16f44342fb9.js","haw":"sp-dynamic-data_en-us_b6989058a16f44342fb9.js","iu":"sp-dynamic-data_en-us_b6989058a16f44342fb9.js","lo":"sp-dynamic-data_en-us_b6989058a16f44342fb9.js","moh":"sp-dynamic-data_en-us_b6989058a16f44342fb9.js","sq":"sp-dynamic-data_en-us_b6989058a16f44342fb9.js","am":"sp-dynamic-data_en-us_b6989058a16f44342fb9.js","hy":"sp-dynamic-data_en-us_b6989058a16f44342fb9.js","mk":"sp-dynamic-data_en-us_b6989058a16f44342fb9.js","bs":"sp-dynamic-data_en-us_b6989058a16f44342fb9.js","my":"sp-dynamic-data_en-us_b6989058a16f44342fb9.js","dz":"sp-dynamic-data_en-us_b6989058a16f44342fb9.js","en-CY":"sp-dynamic-data_en-us_b6989058a16f44342fb9.js","en-EG":"sp-dynamic-data_en-us_b6989058a16f44342fb9.js","en-IL":"sp-dynamic-data_en-us_b6989058a16f44342fb9.js","en-IS":"sp-dynamic-data_en-us_b6989058a16f44342fb9.js","en-JO":"sp-dynamic-data_en-us_b6989058a16f44342fb9.js","en-KE":"sp-dynamic-data_en-us_b6989058a16f44342fb9.js","en-KW":"sp-dynamic-data_en-us_b6989058a16f44342fb9.js","en-MK":"sp-dynamic-data_en-us_b6989058a16f44342fb9.js","en-MT":"sp-dynamic-data_en-us_b6989058a16f44342fb9.js","en-PK":"sp-dynamic-data_en-us_b6989058a16f44342fb9.js","en-QA":"sp-dynamic-data_en-us_b6989058a16f44342fb9.js","en-SA":"sp-dynamic-data_en-us_b6989058a16f44342fb9.js","en-LK":"sp-dynamic-data_en-us_b6989058a16f44342fb9.js","en-AE":"sp-dynamic-data_en-us_b6989058a16f44342fb9.js","en-VN":"sp-dynamic-data_en-us_b6989058a16f44342fb9.js","is":"sp-dynamic-data_en-us_b6989058a16f44342fb9.js","km":"sp-dynamic-data_en-us_b6989058a16f44342fb9.js","kh":"sp-dynamic-data_en-us_b6989058a16f44342fb9.js","mt":"sp-dynamic-data_en-us_b6989058a16f44342fb9.js","fa":"sp-dynamic-data_en-us_b6989058a16f44342fb9.js","gd":"sp-dynamic-data_en-us_b6989058a16f44342fb9.js","sr-Cyrl-BA":"sp-dynamic-data_en-us_b6989058a16f44342fb9.js","sr-Latn-BA":"sp-dynamic-data_en-us_b6989058a16f44342fb9.js","sd":"sp-dynamic-data_en-us_b6989058a16f44342fb9.js","si":"sp-dynamic-data_en-us_b6989058a16f44342fb9.js","so":"sp-dynamic-data_en-us_b6989058a16f44342fb9.js","ti-ET":"sp-dynamic-data_en-us_b6989058a16f44342fb9.js","uz":"sp-dynamic-data_en-us_b6989058a16f44342fb9.js","en-SG":"sp-dynamic-data_en-us_b6989058a16f44342fb9.js","en-HK":"sp-dynamic-data_en-us_b6989058a16f44342fb9.js","en-MY":"sp-dynamic-data_en-us_b6989058a16f44342fb9.js","en-PH":"sp-dynamic-data_en-us_b6989058a16f44342fb9.js","en-TT":"sp-dynamic-data_en-us_b6989058a16f44342fb9.js","en-AZ":"sp-dynamic-data_en-us_b6989058a16f44342fb9.js","en-BH":"sp-dynamic-data_en-us_b6989058a16f44342fb9.js","en-BN":"sp-dynamic-data_en-us_b6989058a16f44342fb9.js","en-ID":"sp-dynamic-data_en-us_b6989058a16f44342fb9.js","mi":"sp-dynamic-data_en-us_b6989058a16f44342fb9.js"},"defaultPath":"sp-dynamic-data_default_b6989058a16f44342fb9.js"},"@microsoft/sp-lodash-subset":{"type":"component","id":"73e1dc6c-8441-42cc-ad47-4bd3659f8a3a","version":"1.15.0"},"@microsoft/sp-core-library":{"type":"component","id":"7263c7d0-1d6a-45ec-8d85-d4d1d234171b","version":"1.15.0"},"@microsoft/sp-diagnostics":{"type":"component","id":"78359e4b-07c2-43c6-8d0b-d060b4d577e8","version":"1.15.0"}}}},{"id":"1c4541f7-5c31-41aa-9fa8-fbc9dc14c0a8","alias":"SPPageContext","componentType":"Library","version":"1.15.0","manifestVersion":2,"loaderConfig":{"internalModuleBaseUrls":["https://localhost:4321/node_modules/@microsoft/sp-page-context/dist/","https://localhost:4321/dist/"],"entryModuleId":"sp-page-context","scriptResources":{"sp-page-context":{"type":"localizedPath","paths":{"default":"sp-page-context_default_0bb8ee116ebb68589a42.js","en-US":"sp-page-context_en-us_0bb8ee116ebb68589a42.js","qps-ploca":"sp-page-context_qps-ploca_0bb8ee116ebb68589a42.js","qps-ploc":"sp-page-context_qps-ploc_0bb8ee116ebb68589a42.js","en-GB":"sp-page-context_en-us_0bb8ee116ebb68589a42.js","en-NZ":"sp-page-context_en-us_0bb8ee116ebb68589a42.js","en-IE":"sp-page-context_en-us_0bb8ee116ebb68589a42.js","en-AU":"sp-page-context_en-us_0bb8ee116ebb68589a42.js","bn":"sp-page-context_en-us_0bb8ee116ebb68589a42.js","chr":"sp-page-context_en-us_0bb8ee116ebb68589a42.js","dv":"sp-page-context_en-us_0bb8ee116ebb68589a42.js","div":"sp-page-context_en-us_0bb8ee116ebb68589a42.js","en":"sp-page-context_en-us_0bb8ee116ebb68589a42.js","fil":"sp-page-context_en-us_0bb8ee116ebb68589a42.js","haw":"sp-page-context_en-us_0bb8ee116ebb68589a42.js","iu":"sp-page-context_en-us_0bb8ee116ebb68589a42.js","lo":"sp-page-context_en-us_0bb8ee116ebb68589a42.js","moh":"sp-page-context_en-us_0bb8ee116ebb68589a42.js","sq":"sp-page-context_en-us_0bb8ee116ebb68589a42.js","am":"sp-page-context_en-us_0bb8ee116ebb68589a42.js","hy":"sp-page-context_en-us_0bb8ee116ebb68589a42.js","mk":"sp-page-context_en-us_0bb8ee116ebb68589a42.js","bs":"sp-page-context_en-us_0bb8ee116ebb68589a42.js","my":"sp-page-context_en-us_0bb8ee116ebb68589a42.js","dz":"sp-page-context_en-us_0bb8ee116ebb68589a42.js","en-CY":"sp-page-context_en-us_0bb8ee116ebb68589a42.js","en-EG":"sp-page-context_en-us_0bb8ee116ebb68589a42.js","en-IL":"sp-page-context_en-us_0bb8ee116ebb68589a42.js","en-IS":"sp-page-context_en-us_0bb8ee116ebb68589a42.js","en-JO":"sp-page-context_en-us_0bb8ee116ebb68589a42.js","en-KE":"sp-page-context_en-us_0bb8ee116ebb68589a42.js","en-KW":"sp-page-context_en-us_0bb8ee116ebb68589a42.js","en-MK":"sp-page-context_en-us_0bb8ee116ebb68589a42.js","en-MT":"sp-page-context_en-us_0bb8ee116ebb68589a42.js","en-PK":"sp-page-context_en-us_0bb8ee116ebb68589a42.js","en-QA":"sp-page-context_en-us_0bb8ee116ebb68589a42.js","en-SA":"sp-page-context_en-us_0bb8ee116ebb68589a42.js","en-LK":"sp-page-context_en-us_0bb8ee116ebb68589a42.js","en-AE":"sp-page-context_en-us_0bb8ee116ebb68589a42.js","en-VN":"sp-page-context_en-us_0bb8ee116ebb68589a42.js","is":"sp-page-context_en-us_0bb8ee116ebb68589a42.js","km":"sp-page-context_en-us_0bb8ee116ebb68589a42.js","kh":"sp-page-context_en-us_0bb8ee116ebb68589a42.js","mt":"sp-page-context_en-us_0bb8ee116ebb68589a42.js","fa":"sp-page-context_en-us_0bb8ee116ebb68589a42.js","gd":"sp-page-context_en-us_0bb8ee116ebb68589a42.js","sr-Cyrl-BA":"sp-page-context_en-us_0bb8ee116ebb68589a42.js","sr-Latn-BA":"sp-page-context_en-us_0bb8ee116ebb68589a42.js","sd":"sp-page-context_en-us_0bb8ee116ebb68589a42.js","si":"sp-page-context_en-us_0bb8ee116ebb68589a42.js","so":"sp-page-context_en-us_0bb8ee116ebb68589a42.js","ti-ET":"sp-page-context_en-us_0bb8ee116ebb68589a42.js","uz":"sp-page-context_en-us_0bb8ee116ebb68589a42.js","en-SG":"sp-page-context_en-us_0bb8ee116ebb68589a42.js","en-HK":"sp-page-context_en-us_0bb8ee116ebb68589a42.js","en-MY":"sp-page-context_en-us_0bb8ee116ebb68589a42.js","en-PH":"sp-page-context_en-us_0bb8ee116ebb68589a42.js","en-TT":"sp-page-context_en-us_0bb8ee116ebb68589a42.js","en-AZ":"sp-page-context_en-us_0bb8ee116ebb68589a42.js","en-BH":"sp-page-context_en-us_0bb8ee116ebb68589a42.js","en-BN":"sp-page-context_en-us_0bb8ee116ebb68589a42.js","en-ID":"sp-page-context_en-us_0bb8ee116ebb68589a42.js","mi":"sp-page-context_en-us_0bb8ee116ebb68589a42.js"},"defaultPath":"sp-page-context_default_0bb8ee116ebb68589a42.js"},"tslib":{"type":"component","id":"01c4df03-e775-48cb-aa14-171ee5199a15","version":"2.3.1"},"@microsoft/sp-dynamic-data":{"type":"component","id":"e40f8203-b39d-425a-a957-714852e33b79","version":"1.15.0"},"@microsoft/sp-core-library":{"type":"component","id":"7263c7d0-1d6a-45ec-8d85-d4d1d234171b","version":"1.15.0"},"@microsoft/sp-diagnostics":{"type":"component","id":"78359e4b-07c2-43c6-8d0b-d060b4d577e8","version":"1.15.0"}}}},{"id":"c07208f0-ea3b-4c1a-9965-ac1b825211a6","alias":"SPHttp","componentType":"Library","version":"1.15.0","manifestVersion":2,"preloadComponents":[],"loaderConfig":{"internalModuleBaseUrls":["https://localhost:4321/node_modules/@microsoft/sp-http/dist/","https://localhost:4321/dist/"],"entryModuleId":"sp-http","scriptResources":{"sp-http":{"type":"localizedPath","paths":{"default":"sp-http_default_4bfd632942151f82024b.js","en-US":"sp-http_en-us_4bfd632942151f82024b.js","qps-ploca":"sp-http_qps-ploca_4bfd632942151f82024b.js","qps-ploc":"sp-http_qps-ploc_4bfd632942151f82024b.js","en-GB":"sp-http_en-us_4bfd632942151f82024b.js","en-NZ":"sp-http_en-us_4bfd632942151f82024b.js","en-IE":"sp-http_en-us_4bfd632942151f82024b.js","en-AU":"sp-http_en-us_4bfd632942151f82024b.js","bn":"sp-http_en-us_4bfd632942151f82024b.js","chr":"sp-http_en-us_4bfd632942151f82024b.js","dv":"sp-http_en-us_4bfd632942151f82024b.js","div":"sp-http_en-us_4bfd632942151f82024b.js","en":"sp-http_en-us_4bfd632942151f82024b.js","fil":"sp-http_en-us_4bfd632942151f82024b.js","haw":"sp-http_en-us_4bfd632942151f82024b.js","iu":"sp-http_en-us_4bfd632942151f82024b.js","lo":"sp-http_en-us_4bfd632942151f82024b.js","moh":"sp-http_en-us_4bfd632942151f82024b.js","sq":"sp-http_en-us_4bfd632942151f82024b.js","am":"sp-http_en-us_4bfd632942151f82024b.js","hy":"sp-http_en-us_4bfd632942151f82024b.js","mk":"sp-http_en-us_4bfd632942151f82024b.js","bs":"sp-http_en-us_4bfd632942151f82024b.js","my":"sp-http_en-us_4bfd632942151f82024b.js","dz":"sp-http_en-us_4bfd632942151f82024b.js","en-CY":"sp-http_en-us_4bfd632942151f82024b.js","en-EG":"sp-http_en-us_4bfd632942151f82024b.js","en-IL":"sp-http_en-us_4bfd632942151f82024b.js","en-IS":"sp-http_en-us_4bfd632942151f82024b.js","en-JO":"sp-http_en-us_4bfd632942151f82024b.js","en-KE":"sp-http_en-us_4bfd632942151f82024b.js","en-KW":"sp-http_en-us_4bfd632942151f82024b.js","en-MK":"sp-http_en-us_4bfd632942151f82024b.js","en-MT":"sp-http_en-us_4bfd632942151f82024b.js","en-PK":"sp-http_en-us_4bfd632942151f82024b.js","en-QA":"sp-http_en-us_4bfd632942151f82024b.js","en-SA":"sp-http_en-us_4bfd632942151f82024b.js","en-LK":"sp-http_en-us_4bfd632942151f82024b.js","en-AE":"sp-http_en-us_4bfd632942151f82024b.js","en-VN":"sp-http_en-us_4bfd632942151f82024b.js","is":"sp-http_en-us_4bfd632942151f82024b.js","km":"sp-http_en-us_4bfd632942151f82024b.js","kh":"sp-http_en-us_4bfd632942151f82024b.js","mt":"sp-http_en-us_4bfd632942151f82024b.js","fa":"sp-http_en-us_4bfd632942151f82024b.js","gd":"sp-http_en-us_4bfd632942151f82024b.js","sr-Cyrl-BA":"sp-http_en-us_4bfd632942151f82024b.js","sr-Latn-BA":"sp-http_en-us_4bfd632942151f82024b.js","sd":"sp-http_en-us_4bfd632942151f82024b.js","si":"sp-http_en-us_4bfd632942151f82024b.js","so":"sp-http_en-us_4bfd632942151f82024b.js","ti-ET":"sp-http_en-us_4bfd632942151f82024b.js","uz":"sp-http_en-us_4bfd632942151f82024b.js","en-SG":"sp-http_en-us_4bfd632942151f82024b.js","en-HK":"sp-http_en-us_4bfd632942151f82024b.js","en-MY":"sp-http_en-us_4bfd632942151f82024b.js","en-PH":"sp-http_en-us_4bfd632942151f82024b.js","en-TT":"sp-http_en-us_4bfd632942151f82024b.js","en-AZ":"sp-http_en-us_4bfd632942151f82024b.js","en-BH":"sp-http_en-us_4bfd632942151f82024b.js","en-BN":"sp-http_en-us_4bfd632942151f82024b.js","en-ID":"sp-http_en-us_4bfd632942151f82024b.js","mi":"sp-http_en-us_4bfd632942151f82024b.js"},"defaultPath":"sp-http_default_4bfd632942151f82024b.js"},"tslib":{"type":"component","id":"01c4df03-e775-48cb-aa14-171ee5199a15","version":"2.3.1"},"@microsoft/sp-core-library":{"type":"component","id":"7263c7d0-1d6a-45ec-8d85-d4d1d234171b","version":"1.15.0"},"@microsoft/sp-page-context":{"type":"component","id":"1c4541f7-5c31-41aa-9fa8-fbc9dc14c0a8","version":"1.15.0"},"@microsoft/sp-diagnostics":{"type":"component","id":"78359e4b-07c2-43c6-8d0b-d060b4d577e8","version":"1.15.0"}}}},{"id":"467dc675-7cc5-4709-8aac-78e3b71bd2f6","alias":"SPComponentBase","componentType":"Library","version":"1.15.0","manifestVersion":2,"loaderConfig":{"internalModuleBaseUrls":["https://localhost:4321/node_modules/@microsoft/sp-component-base/dist/","https://localhost:4321/dist/"],"entryModuleId":"sp-component-base","scriptResources":{"sp-component-base":{"type":"localizedPath","paths":{"default":"sp-component-base_default_1a263d3181e92cba3e91.js","en-US":"sp-component-base_en-us_1a263d3181e92cba3e91.js","qps-ploca":"sp-component-base_qps-ploca_1a263d3181e92cba3e91.js","qps-ploc":"sp-component-base_qps-ploc_1a263d3181e92cba3e91.js","en-GB":"sp-component-base_en-us_1a263d3181e92cba3e91.js","en-NZ":"sp-component-base_en-us_1a263d3181e92cba3e91.js","en-IE":"sp-component-base_en-us_1a263d3181e92cba3e91.js","en-AU":"sp-component-base_en-us_1a263d3181e92cba3e91.js","bn":"sp-component-base_en-us_1a263d3181e92cba3e91.js","chr":"sp-component-base_en-us_1a263d3181e92cba3e91.js","dv":"sp-component-base_en-us_1a263d3181e92cba3e91.js","div":"sp-component-base_en-us_1a263d3181e92cba3e91.js","en":"sp-component-base_en-us_1a263d3181e92cba3e91.js","fil":"sp-component-base_en-us_1a263d3181e92cba3e91.js","haw":"sp-component-base_en-us_1a263d3181e92cba3e91.js","iu":"sp-component-base_en-us_1a263d3181e92cba3e91.js","lo":"sp-component-base_en-us_1a263d3181e92cba3e91.js","moh":"sp-component-base_en-us_1a263d3181e92cba3e91.js","sq":"sp-component-base_en-us_1a263d3181e92cba3e91.js","am":"sp-component-base_en-us_1a263d3181e92cba3e91.js","hy":"sp-component-base_en-us_1a263d3181e92cba3e91.js","mk":"sp-component-base_en-us_1a263d3181e92cba3e91.js","bs":"sp-component-base_en-us_1a263d3181e92cba3e91.js","my":"sp-component-base_en-us_1a263d3181e92cba3e91.js","dz":"sp-component-base_en-us_1a263d3181e92cba3e91.js","en-CY":"sp-component-base_en-us_1a263d3181e92cba3e91.js","en-EG":"sp-component-base_en-us_1a263d3181e92cba3e91.js","en-IL":"sp-component-base_en-us_1a263d3181e92cba3e91.js","en-IS":"sp-component-base_en-us_1a263d3181e92cba3e91.js","en-JO":"sp-component-base_en-us_1a263d3181e92cba3e91.js","en-KE":"sp-component-base_en-us_1a263d3181e92cba3e91.js","en-KW":"sp-component-base_en-us_1a263d3181e92cba3e91.js","en-MK":"sp-component-base_en-us_1a263d3181e92cba3e91.js","en-MT":"sp-component-base_en-us_1a263d3181e92cba3e91.js","en-PK":"sp-component-base_en-us_1a263d3181e92cba3e91.js","en-QA":"sp-component-base_en-us_1a263d3181e92cba3e91.js","en-SA":"sp-component-base_en-us_1a263d3181e92cba3e91.js","en-LK":"sp-component-base_en-us_1a263d3181e92cba3e91.js","en-AE":"sp-component-base_en-us_1a263d3181e92cba3e91.js","en-VN":"sp-component-base_en-us_1a263d3181e92cba3e91.js","is":"sp-component-base_en-us_1a263d3181e92cba3e91.js","km":"sp-component-base_en-us_1a263d3181e92cba3e91.js","kh":"sp-component-base_en-us_1a263d3181e92cba3e91.js","mt":"sp-component-base_en-us_1a263d3181e92cba3e91.js","fa":"sp-component-base_en-us_1a263d3181e92cba3e91.js","gd":"sp-component-base_en-us_1a263d3181e92cba3e91.js","sr-Cyrl-BA":"sp-component-base_en-us_1a263d3181e92cba3e91.js","sr-Latn-BA":"sp-component-base_en-us_1a263d3181e92cba3e91.js","sd":"sp-component-base_en-us_1a263d3181e92cba3e91.js","si":"sp-component-base_en-us_1a263d3181e92cba3e91.js","so":"sp-component-base_en-us_1a263d3181e92cba3e91.js","ti-ET":"sp-component-base_en-us_1a263d3181e92cba3e91.js","uz":"sp-component-base_en-us_1a263d3181e92cba3e91.js","en-SG":"sp-component-base_en-us_1a263d3181e92cba3e91.js","en-HK":"sp-component-base_en-us_1a263d3181e92cba3e91.js","en-MY":"sp-component-base_en-us_1a263d3181e92cba3e91.js","en-PH":"sp-component-base_en-us_1a263d3181e92cba3e91.js","en-TT":"sp-component-base_en-us_1a263d3181e92cba3e91.js","en-AZ":"sp-component-base_en-us_1a263d3181e92cba3e91.js","en-BH":"sp-component-base_en-us_1a263d3181e92cba3e91.js","en-BN":"sp-component-base_en-us_1a263d3181e92cba3e91.js","en-ID":"sp-component-base_en-us_1a263d3181e92cba3e91.js","mi":"sp-component-base_en-us_1a263d3181e92cba3e91.js"},"defaultPath":"sp-component-base_default_1a263d3181e92cba3e91.js"},"tslib":{"type":"component","id":"01c4df03-e775-48cb-aa14-171ee5199a15","version":"2.3.1"},"@ms/sp-telemetry":{"type":"component","id":"8217e442-8ed3-41fd-957d-b112e841286a","version":"0.24.16"},"@microsoft/sp-dynamic-data":{"type":"component","id":"e40f8203-b39d-425a-a957-714852e33b79","version":"1.15.0"},"@microsoft/sp-lodash-subset":{"type":"component","id":"73e1dc6c-8441-42cc-ad47-4bd3659f8a3a","version":"1.15.0"},"@microsoft/sp-core-library":{"type":"component","id":"7263c7d0-1d6a-45ec-8d85-d4d1d234171b","version":"1.15.0"},"@microsoft/sp-page-context":{"type":"component","id":"1c4541f7-5c31-41aa-9fa8-fbc9dc14c0a8","version":"1.15.0"},"@microsoft/load-themed-styles":{"type":"component","id":"229b8d08-79f3-438b-8c21-4613fc877abd","version":"0.1.2"},"@microsoft/sp-diagnostics":{"type":"component","id":"78359e4b-07c2-43c6-8d0b-d060b4d577e8","version":"1.15.0"},"@microsoft/sp-http":{"type":"component","id":"c07208f0-ea3b-4c1a-9965-ac1b825211a6","version":"1.15.0"}}}},{"id":"1e384972-6346-49b4-93c7-b2e6763938e6","alias":"sp-polyfills","componentType":"Library","version":"1.15.0","manifestVersion":2,"loaderConfig":{"internalModuleBaseUrls":["https://localhost:4321/node_modules/@microsoft/sp-polyfills/dist/","http://localhost:4321/dist/"],"entryModuleId":"sp-polyfills","scriptResources":{"sp-polyfills":{"type":"path","path":"sp-polyfills_none_e47864b1faeb816b5c00.js"}}}},{"id":"1c6c9123-7aac-41f3-a376-3caea41ed83f","alias":"SPLoader","componentType":"Library","version":"1.15.0","manifestVersion":2,"loaderConfig":{"internalModuleBaseUrls":["https://localhost:4321/node_modules/@microsoft/sp-loader/dist/","https://localhost:54321/dist/"],"entryModuleId":"sp-loader","scriptResources":{"sp-loader":{"type":"localizedPath","paths":{"default":"sp-loader_default_811a2ad4b0a2e2341d6e.js","en-US":"sp-loader_en-us_811a2ad4b0a2e2341d6e.js","qps-ploca":"sp-loader_qps-ploca_811a2ad4b0a2e2341d6e.js","qps-ploc":"sp-loader_qps-ploc_811a2ad4b0a2e2341d6e.js","en-GB":"sp-loader_en-us_811a2ad4b0a2e2341d6e.js","en-NZ":"sp-loader_en-us_811a2ad4b0a2e2341d6e.js","en-IE":"sp-loader_en-us_811a2ad4b0a2e2341d6e.js","en-AU":"sp-loader_en-us_811a2ad4b0a2e2341d6e.js","bn":"sp-loader_en-us_811a2ad4b0a2e2341d6e.js","chr":"sp-loader_en-us_811a2ad4b0a2e2341d6e.js","dv":"sp-loader_en-us_811a2ad4b0a2e2341d6e.js","div":"sp-loader_en-us_811a2ad4b0a2e2341d6e.js","en":"sp-loader_en-us_811a2ad4b0a2e2341d6e.js","fil":"sp-loader_en-us_811a2ad4b0a2e2341d6e.js","haw":"sp-loader_en-us_811a2ad4b0a2e2341d6e.js","iu":"sp-loader_en-us_811a2ad4b0a2e2341d6e.js","lo":"sp-loader_en-us_811a2ad4b0a2e2341d6e.js","moh":"sp-loader_en-us_811a2ad4b0a2e2341d6e.js","sq":"sp-loader_en-us_811a2ad4b0a2e2341d6e.js","am":"sp-loader_en-us_811a2ad4b0a2e2341d6e.js","hy":"sp-loader_en-us_811a2ad4b0a2e2341d6e.js","mk":"sp-loader_en-us_811a2ad4b0a2e2341d6e.js","bs":"sp-loader_en-us_811a2ad4b0a2e2341d6e.js","my":"sp-loader_en-us_811a2ad4b0a2e2341d6e.js","dz":"sp-loader_en-us_811a2ad4b0a2e2341d6e.js","en-CY":"sp-loader_en-us_811a2ad4b0a2e2341d6e.js","en-EG":"sp-loader_en-us_811a2ad4b0a2e2341d6e.js","en-IL":"sp-loader_en-us_811a2ad4b0a2e2341d6e.js","en-IS":"sp-loader_en-us_811a2ad4b0a2e2341d6e.js","en-JO":"sp-loader_en-us_811a2ad4b0a2e2341d6e.js","en-KE":"sp-loader_en-us_811a2ad4b0a2e2341d6e.js","en-KW":"sp-loader_en-us_811a2ad4b0a2e2341d6e.js","en-MK":"sp-loader_en-us_811a2ad4b0a2e2341d6e.js","en-MT":"sp-loader_en-us_811a2ad4b0a2e2341d6e.js","en-PK":"sp-loader_en-us_811a2ad4b0a2e2341d6e.js","en-QA":"sp-loader_en-us_811a2ad4b0a2e2341d6e.js","en-SA":"sp-loader_en-us_811a2ad4b0a2e2341d6e.js","en-LK":"sp-loader_en-us_811a2ad4b0a2e2341d6e.js","en-AE":"sp-loader_en-us_811a2ad4b0a2e2341d6e.js","en-VN":"sp-loader_en-us_811a2ad4b0a2e2341d6e.js","is":"sp-loader_en-us_811a2ad4b0a2e2341d6e.js","km":"sp-loader_en-us_811a2ad4b0a2e2341d6e.js","kh":"sp-loader_en-us_811a2ad4b0a2e2341d6e.js","mt":"sp-loader_en-us_811a2ad4b0a2e2341d6e.js","fa":"sp-loader_en-us_811a2ad4b0a2e2341d6e.js","gd":"sp-loader_en-us_811a2ad4b0a2e2341d6e.js","sr-Cyrl-BA":"sp-loader_en-us_811a2ad4b0a2e2341d6e.js","sr-Latn-BA":"sp-loader_en-us_811a2ad4b0a2e2341d6e.js","sd":"sp-loader_en-us_811a2ad4b0a2e2341d6e.js","si":"sp-loader_en-us_811a2ad4b0a2e2341d6e.js","so":"sp-loader_en-us_811a2ad4b0a2e2341d6e.js","ti-ET":"sp-loader_en-us_811a2ad4b0a2e2341d6e.js","uz":"sp-loader_en-us_811a2ad4b0a2e2341d6e.js","en-SG":"sp-loader_en-us_811a2ad4b0a2e2341d6e.js","en-HK":"sp-loader_en-us_811a2ad4b0a2e2341d6e.js","en-MY":"sp-loader_en-us_811a2ad4b0a2e2341d6e.js","en-PH":"sp-loader_en-us_811a2ad4b0a2e2341d6e.js","en-TT":"sp-loader_en-us_811a2ad4b0a2e2341d6e.js","en-AZ":"sp-loader_en-us_811a2ad4b0a2e2341d6e.js","en-BH":"sp-loader_en-us_811a2ad4b0a2e2341d6e.js","en-BN":"sp-loader_en-us_811a2ad4b0a2e2341d6e.js","en-ID":"sp-loader_en-us_811a2ad4b0a2e2341d6e.js","mi":"sp-loader_en-us_811a2ad4b0a2e2341d6e.js"},"defaultPath":"sp-loader_default_811a2ad4b0a2e2341d6e.js"},"@ms/sp-telemetry":{"type":"component","id":"8217e442-8ed3-41fd-957d-b112e841286a","version":"0.24.16"},"@microsoft/sp-dynamic-data":{"type":"component","id":"e40f8203-b39d-425a-a957-714852e33b79","version":"1.15.0"},"@microsoft/sp-lodash-subset":{"type":"component","id":"73e1dc6c-8441-42cc-ad47-4bd3659f8a3a","version":"1.15.0"},"@microsoft/sp-core-library":{"type":"component","id":"7263c7d0-1d6a-45ec-8d85-d4d1d234171b","version":"1.15.0"},"@microsoft/sp-page-context":{"type":"component","id":"1c4541f7-5c31-41aa-9fa8-fbc9dc14c0a8","version":"1.15.0"},"@microsoft/load-themed-styles":{"type":"component","id":"229b8d08-79f3-438b-8c21-4613fc877abd","version":"0.1.2"},"@microsoft/sp-diagnostics":{"type":"component","id":"78359e4b-07c2-43c6-8d0b-d060b4d577e8","version":"1.15.0"},"@microsoft/sp-http":{"type":"component","id":"c07208f0-ea3b-4c1a-9965-ac1b825211a6","version":"1.15.0"}}}},{"manifestVersion":2,"componentType":"Library","id":"44bae1a2-d2eb-4e10-8c21-a1dbdce1036f","alias":"sp-loader-assembly","isInternal":true,"version":"1.0.0","rootComponentId":"1c6c9123-7aac-41f3-a376-3caea41ed83f","requiresCustomScript":false,"loaderConfig":{"internalModuleBaseUrls":["https://localhost:4321/node_modules/@microsoft/sp-loader/dist/"],"entryModuleId":"sp-loader-assembly","scriptResources":{"sp-loader-assembly":{"type":"localizedPath","paths":{"default":"sp-loader-assembly_default.js","en-US":"sp-loader-assembly_en-us.js","qps-ploca":"sp-loader-assembly_qps-ploca.js","qps-ploc":"sp-loader-assembly_qps-ploc.js","en-GB":"sp-loader-assembly_en-us.js","en-NZ":"sp-loader-assembly_en-us.js","en-IE":"sp-loader-assembly_en-us.js","en-AU":"sp-loader-assembly_en-us.js","bn":"sp-loader-assembly_en-us.js","chr":"sp-loader-assembly_en-us.js","dv":"sp-loader-assembly_en-us.js","div":"sp-loader-assembly_en-us.js","en":"sp-loader-assembly_en-us.js","fil":"sp-loader-assembly_en-us.js","haw":"sp-loader-assembly_en-us.js","iu":"sp-loader-assembly_en-us.js","lo":"sp-loader-assembly_en-us.js","moh":"sp-loader-assembly_en-us.js","sq":"sp-loader-assembly_en-us.js","am":"sp-loader-assembly_en-us.js","hy":"sp-loader-assembly_en-us.js","mk":"sp-loader-assembly_en-us.js","bs":"sp-loader-assembly_en-us.js","my":"sp-loader-assembly_en-us.js","dz":"sp-loader-assembly_en-us.js","en-CY":"sp-loader-assembly_en-us.js","en-EG":"sp-loader-assembly_en-us.js","en-IL":"sp-loader-assembly_en-us.js","en-IS":"sp-loader-assembly_en-us.js","en-JO":"sp-loader-assembly_en-us.js","en-KE":"sp-loader-assembly_en-us.js","en-KW":"sp-loader-assembly_en-us.js","en-MK":"sp-loader-assembly_en-us.js","en-MT":"sp-loader-assembly_en-us.js","en-PK":"sp-loader-assembly_en-us.js","en-QA":"sp-loader-assembly_en-us.js","en-SA":"sp-loader-assembly_en-us.js","en-LK":"sp-loader-assembly_en-us.js","en-AE":"sp-loader-assembly_en-us.js","en-VN":"sp-loader-assembly_en-us.js","is":"sp-loader-assembly_en-us.js","km":"sp-loader-assembly_en-us.js","kh":"sp-loader-assembly_en-us.js","mt":"sp-loader-assembly_en-us.js","fa":"sp-loader-assembly_en-us.js","gd":"sp-loader-assembly_en-us.js","sr-Cyrl-BA":"sp-loader-assembly_en-us.js","sr-Latn-BA":"sp-loader-assembly_en-us.js","sd":"sp-loader-assembly_en-us.js","si":"sp-loader-assembly_en-us.js","so":"sp-loader-assembly_en-us.js","ti-ET":"sp-loader-assembly_en-us.js","uz":"sp-loader-assembly_en-us.js","en-SG":"sp-loader-assembly_en-us.js","en-HK":"sp-loader-assembly_en-us.js","en-MY":"sp-loader-assembly_en-us.js","en-PH":"sp-loader-assembly_en-us.js","en-TT":"sp-loader-assembly_en-us.js","en-AZ":"sp-loader-assembly_en-us.js","en-BH":"sp-loader-assembly_en-us.js","en-BN":"sp-loader-assembly_en-us.js","en-ID":"sp-loader-assembly_en-us.js","mi":"sp-loader-assembly_en-us.js"},"defaultPath":"sp-loader-assembly_default.js"}}}},{"manifestVersion":2,"id":"2c46c8f0-e214-4f49-951e-fd5b9d7b4ae1","alias":"SPImageHelper","componentType":"Library","version":"1.15.0","loaderConfig":{"internalModuleBaseUrls":["https://localhost:4321/node_modules/@microsoft/sp-image-helper/dist/","https://localhost:4321/dist/"],"entryModuleId":"sp-image-helper","scriptResources":{"sp-image-helper":{"type":"path","path":"sp-image-helper_none_dc39b398f8318180fa9d.js"},"@ms/odsp-core-bundle":{"type":"component","id":"2e09fb9b-13bb-48f2-859f-97d6fff71176","version":"1.1.359"},"@microsoft/sp-lodash-subset":{"type":"component","id":"73e1dc6c-8441-42cc-ad47-4bd3659f8a3a","version":"1.15.0"},"@microsoft/sp-core-library":{"type":"component","id":"7263c7d0-1d6a-45ec-8d85-d4d1d234171b","version":"1.15.0"},"@microsoft/sp-page-context":{"type":"component","id":"1c4541f7-5c31-41aa-9fa8-fbc9dc14c0a8","version":"1.15.0"},"@microsoft/sp-diagnostics":{"type":"component","id":"78359e4b-07c2-43c6-8d0b-d060b4d577e8","version":"1.15.0"}}}},{"id":"f9e737b7-f0df-4597-ba8c-3060f82380db","alias":"SPPropertyPane","componentType":"Library","version":"1.15.0","manifestVersion":2,"loaderConfig":{"internalModuleBaseUrls":["https://localhost:4321/node_modules/@microsoft/sp-property-pane/dist/","https://localhost:4321/dist/"],"entryModuleId":"sp-property-pane","scriptResources":{"sp-property-pane":{"type":"localizedPath","paths":{"default":"sp-property-pane_default_71940ae7548df584e58a.js","en-US":"sp-property-pane_en-us_71940ae7548df584e58a.js","qps-ploca":"sp-property-pane_qps-ploca_71940ae7548df584e58a.js","qps-ploc":"sp-property-pane_qps-ploc_71940ae7548df584e58a.js","en-GB":"sp-property-pane_en-us_71940ae7548df584e58a.js","en-NZ":"sp-property-pane_en-us_71940ae7548df584e58a.js","en-IE":"sp-property-pane_en-us_71940ae7548df584e58a.js","en-AU":"sp-property-pane_en-us_71940ae7548df584e58a.js","bn":"sp-property-pane_en-us_71940ae7548df584e58a.js","chr":"sp-property-pane_en-us_71940ae7548df584e58a.js","dv":"sp-property-pane_en-us_71940ae7548df584e58a.js","div":"sp-property-pane_en-us_71940ae7548df584e58a.js","en":"sp-property-pane_en-us_71940ae7548df584e58a.js","fil":"sp-property-pane_en-us_71940ae7548df584e58a.js","haw":"sp-property-pane_en-us_71940ae7548df584e58a.js","iu":"sp-property-pane_en-us_71940ae7548df584e58a.js","lo":"sp-property-pane_en-us_71940ae7548df584e58a.js","moh":"sp-property-pane_en-us_71940ae7548df584e58a.js","sq":"sp-property-pane_en-us_71940ae7548df584e58a.js","am":"sp-property-pane_en-us_71940ae7548df584e58a.js","hy":"sp-property-pane_en-us_71940ae7548df584e58a.js","mk":"sp-property-pane_en-us_71940ae7548df584e58a.js","bs":"sp-property-pane_en-us_71940ae7548df584e58a.js","my":"sp-property-pane_en-us_71940ae7548df584e58a.js","dz":"sp-property-pane_en-us_71940ae7548df584e58a.js","en-CY":"sp-property-pane_en-us_71940ae7548df584e58a.js","en-EG":"sp-property-pane_en-us_71940ae7548df584e58a.js","en-IL":"sp-property-pane_en-us_71940ae7548df584e58a.js","en-IS":"sp-property-pane_en-us_71940ae7548df584e58a.js","en-JO":"sp-property-pane_en-us_71940ae7548df584e58a.js","en-KE":"sp-property-pane_en-us_71940ae7548df584e58a.js","en-KW":"sp-property-pane_en-us_71940ae7548df584e58a.js","en-MK":"sp-property-pane_en-us_71940ae7548df584e58a.js","en-MT":"sp-property-pane_en-us_71940ae7548df584e58a.js","en-PK":"sp-property-pane_en-us_71940ae7548df584e58a.js","en-QA":"sp-property-pane_en-us_71940ae7548df584e58a.js","en-SA":"sp-property-pane_en-us_71940ae7548df584e58a.js","en-LK":"sp-property-pane_en-us_71940ae7548df584e58a.js","en-AE":"sp-property-pane_en-us_71940ae7548df584e58a.js","en-VN":"sp-property-pane_en-us_71940ae7548df584e58a.js","is":"sp-property-pane_en-us_71940ae7548df584e58a.js","km":"sp-property-pane_en-us_71940ae7548df584e58a.js","kh":"sp-property-pane_en-us_71940ae7548df584e58a.js","mt":"sp-property-pane_en-us_71940ae7548df584e58a.js","fa":"sp-property-pane_en-us_71940ae7548df584e58a.js","gd":"sp-property-pane_en-us_71940ae7548df584e58a.js","sr-Cyrl-BA":"sp-property-pane_en-us_71940ae7548df584e58a.js","sr-Latn-BA":"sp-property-pane_en-us_71940ae7548df584e58a.js","sd":"sp-property-pane_en-us_71940ae7548df584e58a.js","si":"sp-property-pane_en-us_71940ae7548df584e58a.js","so":"sp-property-pane_en-us_71940ae7548df584e58a.js","ti-ET":"sp-property-pane_en-us_71940ae7548df584e58a.js","uz":"sp-property-pane_en-us_71940ae7548df584e58a.js","en-SG":"sp-property-pane_en-us_71940ae7548df584e58a.js","en-HK":"sp-property-pane_en-us_71940ae7548df584e58a.js","en-MY":"sp-property-pane_en-us_71940ae7548df584e58a.js","en-PH":"sp-property-pane_en-us_71940ae7548df584e58a.js","en-TT":"sp-property-pane_en-us_71940ae7548df584e58a.js","en-AZ":"sp-property-pane_en-us_71940ae7548df584e58a.js","en-BH":"sp-property-pane_en-us_71940ae7548df584e58a.js","en-BN":"sp-property-pane_en-us_71940ae7548df584e58a.js","en-ID":"sp-property-pane_en-us_71940ae7548df584e58a.js","mi":"sp-property-pane_en-us_71940ae7548df584e58a.js"},"defaultPath":"sp-property-pane_default_71940ae7548df584e58a.js"},"tslib":{"type":"component","id":"01c4df03-e775-48cb-aa14-171ee5199a15","version":"2.3.1"},"@microsoft/sp-loader":{"type":"component","id":"1c6c9123-7aac-41f3-a376-3caea41ed83f","version":"1.15.0"},"@microsoft/sp-core-library":{"type":"component","id":"7263c7d0-1d6a-45ec-8d85-d4d1d234171b","version":"1.15.0"},"react":{"type":"component","id":"0d910c1c-13b9-4e1c-9aa4-b008c5e42d7d","version":"16.13.1"},"react-dom":{"type":"component","id":"aa0a46ec-1505-43cd-a44a-93f3a5aa460a","version":"16.13.1"},"@microsoft/load-themed-styles":{"type":"component","id":"229b8d08-79f3-438b-8c21-4613fc877abd","version":"0.1.2"},"@microsoft/sp-diagnostics":{"type":"component","id":"78359e4b-07c2-43c6-8d0b-d060b4d577e8","version":"1.15.0"}}}},{"id":"974a7777-0990-4136-8fa6-95d80114c2e0","alias":"SPWebPartBase","componentType":"Library","version":"1.15.0","manifestVersion":2,"preloadComponents":["f9e737b7-f0df-4597-ba8c-3060f82380db"],"loaderConfig":{"internalModuleBaseUrls":["https://localhost:4321/node_modules/@microsoft/sp-webpart-base/dist/","https://localhost:4321/dist/"],"entryModuleId":"sp-webpart-base","scriptResources":{"sp-webpart-base":{"type":"localizedPath","paths":{"default":"sp-webpart-base_default_5a671410870ce7dd0a6d.js","en-US":"sp-webpart-base_en-us_5a671410870ce7dd0a6d.js","qps-ploca":"sp-webpart-base_qps-ploca_5a671410870ce7dd0a6d.js","qps-ploc":"sp-webpart-base_qps-ploc_5a671410870ce7dd0a6d.js","en-GB":"sp-webpart-base_en-us_5a671410870ce7dd0a6d.js","en-NZ":"sp-webpart-base_en-us_5a671410870ce7dd0a6d.js","en-IE":"sp-webpart-base_en-us_5a671410870ce7dd0a6d.js","en-AU":"sp-webpart-base_en-us_5a671410870ce7dd0a6d.js","bn":"sp-webpart-base_en-us_5a671410870ce7dd0a6d.js","chr":"sp-webpart-base_en-us_5a671410870ce7dd0a6d.js","dv":"sp-webpart-base_en-us_5a671410870ce7dd0a6d.js","div":"sp-webpart-base_en-us_5a671410870ce7dd0a6d.js","en":"sp-webpart-base_en-us_5a671410870ce7dd0a6d.js","fil":"sp-webpart-base_en-us_5a671410870ce7dd0a6d.js","haw":"sp-webpart-base_en-us_5a671410870ce7dd0a6d.js","iu":"sp-webpart-base_en-us_5a671410870ce7dd0a6d.js","lo":"sp-webpart-base_en-us_5a671410870ce7dd0a6d.js","moh":"sp-webpart-base_en-us_5a671410870ce7dd0a6d.js","sq":"sp-webpart-base_en-us_5a671410870ce7dd0a6d.js","am":"sp-webpart-base_en-us_5a671410870ce7dd0a6d.js","hy":"sp-webpart-base_en-us_5a671410870ce7dd0a6d.js","mk":"sp-webpart-base_en-us_5a671410870ce7dd0a6d.js","bs":"sp-webpart-base_en-us_5a671410870ce7dd0a6d.js","my":"sp-webpart-base_en-us_5a671410870ce7dd0a6d.js","dz":"sp-webpart-base_en-us_5a671410870ce7dd0a6d.js","en-CY":"sp-webpart-base_en-us_5a671410870ce7dd0a6d.js","en-EG":"sp-webpart-base_en-us_5a671410870ce7dd0a6d.js","en-IL":"sp-webpart-base_en-us_5a671410870ce7dd0a6d.js","en-IS":"sp-webpart-base_en-us_5a671410870ce7dd0a6d.js","en-JO":"sp-webpart-base_en-us_5a671410870ce7dd0a6d.js","en-KE":"sp-webpart-base_en-us_5a671410870ce7dd0a6d.js","en-KW":"sp-webpart-base_en-us_5a671410870ce7dd0a6d.js","en-MK":"sp-webpart-base_en-us_5a671410870ce7dd0a6d.js","en-MT":"sp-webpart-base_en-us_5a671410870ce7dd0a6d.js","en-PK":"sp-webpart-base_en-us_5a671410870ce7dd0a6d.js","en-QA":"sp-webpart-base_en-us_5a671410870ce7dd0a6d.js","en-SA":"sp-webpart-base_en-us_5a671410870ce7dd0a6d.js","en-LK":"sp-webpart-base_en-us_5a671410870ce7dd0a6d.js","en-AE":"sp-webpart-base_en-us_5a671410870ce7dd0a6d.js","en-VN":"sp-webpart-base_en-us_5a671410870ce7dd0a6d.js","is":"sp-webpart-base_en-us_5a671410870ce7dd0a6d.js","km":"sp-webpart-base_en-us_5a671410870ce7dd0a6d.js","kh":"sp-webpart-base_en-us_5a671410870ce7dd0a6d.js","mt":"sp-webpart-base_en-us_5a671410870ce7dd0a6d.js","fa":"sp-webpart-base_en-us_5a671410870ce7dd0a6d.js","gd":"sp-webpart-base_en-us_5a671410870ce7dd0a6d.js","sr-Cyrl-BA":"sp-webpart-base_en-us_5a671410870ce7dd0a6d.js","sr-Latn-BA":"sp-webpart-base_en-us_5a671410870ce7dd0a6d.js","sd":"sp-webpart-base_en-us_5a671410870ce7dd0a6d.js","si":"sp-webpart-base_en-us_5a671410870ce7dd0a6d.js","so":"sp-webpart-base_en-us_5a671410870ce7dd0a6d.js","ti-ET":"sp-webpart-base_en-us_5a671410870ce7dd0a6d.js","uz":"sp-webpart-base_en-us_5a671410870ce7dd0a6d.js","en-SG":"sp-webpart-base_en-us_5a671410870ce7dd0a6d.js","en-HK":"sp-webpart-base_en-us_5a671410870ce7dd0a6d.js","en-MY":"sp-webpart-base_en-us_5a671410870ce7dd0a6d.js","en-PH":"sp-webpart-base_en-us_5a671410870ce7dd0a6d.js","en-TT":"sp-webpart-base_en-us_5a671410870ce7dd0a6d.js","en-AZ":"sp-webpart-base_en-us_5a671410870ce7dd0a6d.js","en-BH":"sp-webpart-base_en-us_5a671410870ce7dd0a6d.js","en-BN":"sp-webpart-base_en-us_5a671410870ce7dd0a6d.js","en-ID":"sp-webpart-base_en-us_5a671410870ce7dd0a6d.js","mi":"sp-webpart-base_en-us_5a671410870ce7dd0a6d.js"},"defaultPath":"sp-webpart-base_default_5a671410870ce7dd0a6d.js"},"tslib":{"type":"component","id":"01c4df03-e775-48cb-aa14-171ee5199a15","version":"2.3.1"},"@ms/sp-telemetry":{"type":"component","id":"8217e442-8ed3-41fd-957d-b112e841286a","version":"0.24.16"},"@microsoft/sp-component-base":{"type":"component","id":"467dc675-7cc5-4709-8aac-78e3b71bd2f6","version":"1.15.0"},"@microsoft/sp-loader":{"type":"component","id":"1c6c9123-7aac-41f3-a376-3caea41ed83f","version":"1.15.0"},"@microsoft/sp-lodash-subset":{"type":"component","id":"73e1dc6c-8441-42cc-ad47-4bd3659f8a3a","version":"1.15.0"},"@microsoft/sp-core-library":{"type":"component","id":"7263c7d0-1d6a-45ec-8d85-d4d1d234171b","version":"1.15.0"},"@microsoft/sp-page-context":{"type":"component","id":"1c4541f7-5c31-41aa-9fa8-fbc9dc14c0a8","version":"1.15.0"},"@ms/sp-edit-customer-promise":{"type":"component","id":"42647dee-1f75-4b9f-b521-5c844a6c35cc","version":"0.1.0"},"@microsoft/load-themed-styles":{"type":"component","id":"229b8d08-79f3-438b-8c21-4613fc877abd","version":"0.1.2"},"@microsoft/sp-diagnostics":{"type":"component","id":"78359e4b-07c2-43c6-8d0b-d060b4d577e8","version":"1.15.0"},"@microsoft/sp-http":{"type":"component","id":"c07208f0-ea3b-4c1a-9965-ac1b825211a6","version":"1.15.0"}}}},{"id":"25a915b1-c9e2-46ca-a6ce-86bad434bf89","alias":"EmployeespotlightWebPart","componentType":"WebPart","version":"0.0.1","manifestVersion":2,"requiresCustomScript":false,"supportedHosts":["SharePointWebPart","TeamsPersonalApp","TeamsTab","SharePointFullPage"],"supportsThemeVariants":true,"preconfiguredEntries":[{"groupId":"5c03119e-3074-46fd-976b-c60198311f70","group":{"default":"Other"},"title":{"default":"employeespotlight"},"description":{"default":"employeespotlight description"},"officeFabricIconFontName":"Page","properties":{"description":"employeespotlight"}}],"loaderConfig":{"internalModuleBaseUrls":["https://localhost:4321/dist/"],"entryModuleId":"employeespotlight-web-part","scriptResources":{"employeespotlight-web-part":{"type":"path","path":"employeespotlight-web-part_62e13d38e665c89b811c.js"},"@microsoft/sp-property-pane":{"type":"component","id":"f9e737b7-f0df-4597-ba8c-3060f82380db","version":"1.15.0"},"@microsoft/sp-lodash-subset":{"type":"component","id":"73e1dc6c-8441-42cc-ad47-4bd3659f8a3a","version":"1.15.0"},"@microsoft/sp-core-library":{"type":"component","id":"7263c7d0-1d6a-45ec-8d85-d4d1d234171b","version":"1.15.0"},"EmployeespotlightWebPartStrings":{"type":"path","path":"EmployeespotlightWebPartStrings_en-us_ab0373b2a20479e31e6fa297c55f351c.js"},"@microsoft/sp-webpart-base":{"type":"component","id":"974a7777-0990-4136-8fa6-95d80114c2e0","version":"1.15.0"},"react":{"type":"component","id":"0d910c1c-13b9-4e1c-9aa4-b008c5e42d7d","version":"16.13.1"},"react-dom":{"type":"component","id":"aa0a46ec-1505-43cd-a44a-93f3a5aa460a","version":"16.13.1"},"@microsoft/sp-http":{"type":"component","id":"c07208f0-ea3b-4c1a-9965-ac1b825211a6","version":"1.15.0"},"jquery":{"type":"path","path":"jquery_8fb8fee4fcc3cc86ff6c724154c49c42.js","globalName":"jquery"},"PropertyControlStrings":{"type":"localizedPath","paths":{"bg-BG":"PropertyControlStrings_bg-bg_915392adfc006178b111ef43c4c4f134.js","ca-ES":"PropertyControlStrings_ca-es_c189866c46fa54db663671ef3ffc58dd.js","da-DK":"PropertyControlStrings_da-dk_7aaa7cb9645d973bf154922d2da79bdc.js","de-DE":"PropertyControlStrings_de-de_91244fded178aa2c33e59da30f3b6b9e.js","el-GR":"PropertyControlStrings_el-gr_5fdb3d4823b1603ddda46e61518971e2.js","en-GB":"PropertyControlStrings_en-gb_edd9314c9df7e88545657a033f4e14ae.js","en-US":"PropertyControlStrings_en-us_642e92ef9954452370aba3137db21132.js","es-ES":"PropertyControlStrings_es-es_689c8b69f0a1361216f73608be6c063b.js","et-EE":"PropertyControlStrings_et-ee_01480cf74e5683e0a1b30c0969b469f9.js","fi-FI":"PropertyControlStrings_fi-fi_77eed38ef227577c1e777c90d4ab654c.js","fr-FR":"PropertyControlStrings_fr-fr_92db6779d4f95976c1f53f47fe1038cc.js","it-IT":"PropertyControlStrings_it-it_ec89b45255c58b8a32b116fc9ccfd1ac.js","ja-JP":"PropertyControlStrings_ja-jp_44544714256a75a221ff67e661917f7e.js","lt-LT":"PropertyControlStrings_lt-lt_8affd603f16b9120508d9494d908bf5b.js","lv-LV":"PropertyControlStrings_lv-lv_574ac773471a704a07ba0adc8b8ee94a.js","nb-NO":"PropertyControlStrings_nb-no_7679bdf20ca162ea3bb05d8b8e280057.js","nl-NL":"PropertyControlStrings_nl-nl_7a387682af8c11d2f375756cdbbefeb5.js","no":"PropertyControlStrings_no_a887d9d78383ae2b4bb5bb3ddc10c854.js","pl-PL":"PropertyControlStrings_pl-pl_10f17d41e78fea38f61da347c7630de6.js","pt-PT":"PropertyControlStrings_pt-pt_9c64098d8bf448198f22382f646fd38b.js","ro-RO":"PropertyControlStrings_ro-ro_b28611241b43c19c7d84b34844e1817b.js","ru-RU":"PropertyControlStrings_ru-ru_9f791d6cfde2af1db8815ef42ed8df3e.js","sk-SK":"PropertyControlStrings_sk-sk_11891e4bf57974962b4d6668a933e3c9.js","sr-Latn-RS":"PropertyControlStrings_sr-latn-rs_989dded8b40333ffc8ce6a73ee204c63.js","sv-SE":"PropertyControlStrings_sv-se_b216333496befe0fb66a6152ec1d3f95.js","tr-TR":"PropertyControlStrings_tr-tr_23555c2affff45982d4bc82da9c99f82.js","vi-VN":"PropertyControlStrings_vi-vn_0a42f174e7b546104c186b139e526bc4.js","zh-CN":"PropertyControlStrings_zh-cn_f52e3a43a2b9311567286b34565fc9aa.js","zh-TW":"PropertyControlStrings_zh-tw_3d1a41b32d4ad47d4654442a315ff2e2.js"},"defaultPath":"PropertyControlStrings_en-us_642e92ef9954452370aba3137db21132.js"}}}}]