<?xml version="1.0" encoding="utf-8"?><App xmlns="http://schemas.microsoft.com/sharepoint/2012/app/manifest" Name="employeespotlight-client-side-solution" ProductID="c9948711-2dfc-45c7-b8a0-af8171023524" Version="1.0.0.0" SharePointMinVersion="16.0.0.0" IsClientSideSolution="true" SkipFeatureDeployment="true" IsDomainIsolated="false"><Properties><Title>employeespotlight-client-side-solution</Title><DeveloperProperties>{&quot;name&quot;:&quot;&quot;,&quot;websiteUrl&quot;:&quot;&quot;,&quot;privacyUrl&quot;:&quot;&quot;,&quot;termsOfUseUrl&quot;:&quot;&quot;,&quot;mpnId&quot;:&quot;Undefined-1.15.0&quot;}</DeveloperProperties><ShortDescription><LocalizedString CultureName="default">employeespotlight description</LocalizedString></ShortDescription><LongDescription><LocalizedString CultureName="default">employeespotlight description</LocalizedString></LongDescription><Screenshots></Screenshots></Properties><WebApiPermissionRequests><WebApiPermissionRequest ResourceId="Microsoft Graph" Scope="User.ReadBasic.All"></WebApiPermissionRequest><WebApiPermissionRequest ResourceId="Microsoft Graph" Scope="sites.Read.All"></WebApiPermissionRequest><WebApiPermissionRequest ResourceId="Microsoft Graph" Scope="Reports.Read.All"></WebApiPermissionRequest><WebApiPermissionRequest ResourceId="Microsoft Graph" Scope="People.Read.All"></WebApiPermissionRequest><WebApiPermissionRequest ResourceId="Microsoft Graph" Scope="User.ReadWrite"></WebApiPermissionRequest></WebApiPermissionRequests></App>